"delay","total","on_time_pct","retrograde","delay_pct"
1030,15076,92.730167153091,TRUE,2.61381922517499
2031,17368,87.8569783509903,TRUE,3.41963738612773
1308,18234,92.4701107820555,TRUE,2.67832266664788
1540,17739,90.6871864253904,TRUE,2.94642773254507
2039,18000,87.9055555555556,TRUE,3.36567642202541
3407,18297,80.5541892113461,TRUE,4.31515224368228
2744,18362,84.4624768543732,TRUE,3.86573484509793
3516,15058,74.6115021915261,TRUE,4.83215422327437
3872,17364,75.7371573370191,TRUE,4.72218269922166
3418,18209,79.8890658465594,TRUE,4.3325439926808
2152,17710,86.5612648221344,TRUE,3.48587534687281
2145,17972,86.9129757400401,TRUE,3.45474059576397
2830,18289,83.8755536114604,TRUE,3.93367284541903
2973,18369,82.9332026784256,TRUE,4.02304321309514
2177,15001,84.7543497100193,TRUE,3.80950992153547
3875,17410,75.6461803561172,TRUE,4.71776677861139
4457,18238,73.741638337537,TRUE,4.94347920207419
2191,17784,86.5721997300945,TRUE,3.50999472620084
1716,18008,89.8711683696135,TRUE,3.08692374032584
2090,18328,88.1438236577914,TRUE,3.37687982147388
3770,18393,78.2091012885337,TRUE,4.52735333050101
2086,15000,85.16,TRUE,3.7291643389192
2884,17489,82.1259077134199,TRUE,4.06083308848318
3459,18383,80.1990969917859,TRUE,4.33777565882817
3495,17933,79.2728489377126,TRUE,4.41465851868681
3259,18910,81.5230037017451,TRUE,4.15141753902077
2349,15821,84.2993489665634,TRUE,3.85322654169455
3264,17772,79.653387350889,TRUE,4.28555351616398
3178,18820,82.0085015940489,TRUE,4.10929327008869
2889,18388,83.2281922993256,TRUE,3.96375244917685
2218,18431,87.0869730345613,TRUE,3.46901614714254
2169,18737,87.8369002508406,TRUE,3.40235595502945
1757,18789,90.0633349300122,TRUE,3.05797582349853
1300,15390,91.0201429499675,TRUE,2.90637979878109
1605,17645,90.4562198923208,TRUE,3.01596770658123
1627,18682,90.311529814795,TRUE,2.95108754102062
1493,18311,90.9507946043362,TRUE,2.85544548065886
1872,18358,87.7492101536115,TRUE,3.1933038120887
2965,18780,83.0511182108626,TRUE,3.97342074508419
2861,18789,83.0698813135345,TRUE,3.90217817610486
1236,14530,90.7157604955265,TRUE,2.91659702338772
744,14244,94.4467846110643,TRUE,2.2854434789631
2141,17767,87.2629031350256,TRUE,3.4713730098529
3655,18359,78.1469578953102,TRUE,4.46189329185678
3199,17998,80.7034114901656,TRUE,4.2159455799399
1797,18426,89.8133072831868,TRUE,3.12290307373529
1609,18496,90.6466262975779,TRUE,2.94943692943111
1085,14682,92.1196022340281,TRUE,2.71845569436256
2191,17306,86.7964867675951,TRUE,3.55813841944118
3271,18139,80.8037929323557,TRUE,4.24652418323378
2067,14300,80.3986013986014,TRUE,3.80191339387754
5573,17136,52.0191409897292,TRUE,5.7028217170872
5224,17966,67.1434932650562,TRUE,5.39232285009835
3608,17279,77.1051565484114,TRUE,4.56955555951112
4027,17577,74.2163053991011,TRUE,4.78650413510247
5848,18269,65.1978761836992,TRUE,5.65778309998158
5718,18585,67.484530535378,TRUE,5.54677810777724
5033,15986,67.3151507569123,TRUE,5.61104253446123
4386,17552,73.3363719234275,TRUE,4.9988603988456
5600,18328,66.4884329986905,TRUE,5.52759831044404
6412,18309,62.4119285597247,TRUE,5.91785669898918
6094,18536,65.7693137678032,TRUE,5.7338089018636
4173,18567,76.7113696342974,TRUE,4.74081844292797
2513,15021,82.5311230943346,TRUE,4.09022144355206
2885,14391,72.2951844903064,TRUE,4.4774157451111
5696,18080,52.4115044247788,TRUE,5.61288025694127
4645,18525,57.3603238866397,TRUE,5.00741690111703
5647,18502,62.3121824667603,TRUE,5.52458367246625
6345,18489,61.2526367029044,TRUE,5.85813130764869
3262,17274,79.8425379182586,TRUE,4.34555769892838
4921,17649,70.4289194855233,TRUE,5.28039767259179
3942,17709,76.4244169631261,TRUE,4.71803644155045
2261,14800,81.9864864864865,TRUE,3.9085837623143
3149,16649,77.6563156946363,TRUE,4.34902849977157
5402,17580,66.6268486916951,TRUE,5.54329325525591
4160,17011,73.3172652989242,TRUE,4.94517588808584
2422,17261,85.0124558252708,TRUE,3.74588200598749
4466,17742,73.142824935182,TRUE,5.01716139523012
4357,17776,72.2997299729973,TRUE,4.95081569618641
2392,14472,82.1586511885019,TRUE,4.06552195508458
1880,16653,87.9120879120879,TRUE,3.3599489863533
3144,17672,81.0151652331372,TRUE,4.21792076629766
3029,17030,80.8866705813271,TRUE,4.21737590712338
3150,17274,80.3403959708232,TRUE,4.27030425578287
3141,17773,81.3537388173071,TRUE,4.20391181937071
5239,17806,68.2298101763451,TRUE,5.42426644965975
3361,14510,74.0110268780152,TRUE,4.81283031392128
3451,16654,77.620991953885,TRUE,4.55211473151567
3831,17698,77.3703243304328,TRUE,4.65258140502292
3919,17077,71.1951747965099,TRUE,4.79051100878022
4713,17336,69.848869404707,TRUE,5.21403894526598
3948,17772,76.9356290794508,TRUE,4.71324938698662
3780,17803,75.3524686850531,TRUE,4.60786030232551
2178,14522,81.8137997521003,TRUE,3.87271663936923
3370,18288,79.9486001749781,TRUE,4.29271290409577
2967,18342,82.2920074146767,TRUE,4.02193852914501
3524,18461,79.6219056389145,TRUE,4.36908343850603
3310,18498,80.3816628824738,TRUE,4.23010949735423
3291,15831,77.4682584801971,TRUE,4.55942175070227
4724,17602,70.5772071355528,TRUE,5.18052693595609
4369,18398,74.2852483965648,TRUE,4.87310439339849
4052,18290,75.5002733734281,TRUE,4.70682298514082
3109,18324,81.7288801571709,TRUE,4.11907993024305
2900,18451,83.6323234513034,TRUE,3.96450568105356
2263,18476,87.156310889803,TRUE,3.49976029859918
3576,15774,75.6624825662483,TRUE,4.76132511098289
4510,17211,71.9075010167916,TRUE,5.11900105007067
3984,18091,76.3584102592449,TRUE,4.69276036991532
2635,17374,83.6767583745827,TRUE,3.8943986068206
1780,17589,89.2944453920064,TRUE,3.18118866769538
4015,17996,75.2389419871082,TRUE,4.72340062321975
3948,18024,74.3231247225921,TRUE,4.68018459353481
3107,14824,76.902320561252,TRUE,4.57812792107623
4067,16798,73.0384569591618,TRUE,4.92048936803112
2520,17863,84.571460560936,TRUE,3.75597827226511
3048,17120,80.5782710280374,TRUE,4.21944763183014
2130,17385,86.7529479436296,TRUE,3.50027732168919
4798,17867,70.7393518777635,TRUE,5.1820822653557
2547,17912,84.2005359535507,TRUE,3.77087756918789
2458,17359,85.3620600264992,TRUE,3.76295121306439
661,10900,93.7889908256881,TRUE,2.46256374201486
530,13127,95.7263655062086,TRUE,2.00934815376708
1680,15316,88.691564377122,TRUE,3.31193619947557
2356,17461,85.8255540919764,TRUE,3.67327198757023
2961,17534,82.4056119539181,TRUE,4.10940270612626
3712,16242,73.0267208471863,TRUE,4.78062007324301
1870,15899,86.9425750047173,TRUE,3.42954020559059
2799,16706,82.1980126900515,TRUE,4.0932211613395
1627,16702,89.5701113639085,TRUE,3.12111331763459
1440,12922,88.1597275963473,TRUE,3.33823093743874
2068,15475,85.9967689822294,TRUE,3.6556106875859
3087,16500,80.2181818181818,TRUE,4.32540066457327
2337,15412,83.9021541655853,TRUE,3.89403504787281
2219,15563,84.7715736040609,TRUE,3.77600005880963
1679,16640,89.4170673076923,TRUE,3.17649873772511
2211,16679,85.8324839618682,TRUE,3.6409051648031
948,12877,92.1643239885066,TRUE,2.71329378987681
1059,15481,92.655513209741,TRUE,2.61546236243066
1793,16500,88.4666666666667,TRUE,3.29646275068696
1494,15421,89.3327280980481,TRUE,3.11256930407247
2888,16726,81.4480449599426,TRUE,4.15530157137953
2935,17648,82.1792837715322,TRUE,4.07808529726265
2592,16894,83.0294779211554,TRUE,3.91697909464571
2279,17096,84.9613944782405,TRUE,3.65110992028131
4007,17737,76.0105993121723,TRUE,4.75301941403628
3517,17755,78.5356237679527,TRUE,4.45067462825339
2114,14738,84.6044239381191,TRUE,3.78733058781625
2372,16746,84.4739042159322,TRUE,3.76358560621532
3693,17653,75.8567948790574,TRUE,4.57383394405914
3745,16896,74.9467329545455,TRUE,4.70797296824196
2727,17078,83.2240309169692,TRUE,3.99598697864266
3067,17734,82.0852599526334,TRUE,4.15866115645257
2874,17750,83.2,TRUE,4.02387242538511
1959,14747,86.2480504509392,TRUE,3.64473013739874
2147,16744,86.6579073100812,TRUE,3.58085235431079
2092,17645,87.3165202606971,TRUE,3.44326151671422
1620,16912,89.1792809839167,TRUE,3.09499550270733
2035,17078,87.4048483428973,TRUE,3.45194368617945
2374,17738,85.872138910813,TRUE,3.65837341175616
3757,17745,77.4809805579036,TRUE,4.60132167666652
3122,14748,77.3121779224302,TRUE,4.60097512099432
2653,16672,83.4512955854127,TRUE,3.98909862869819
2913,17515,82.2723379960034,TRUE,4.07816855336353
3045,16968,75.990099009901,TRUE,4.23621819013793
2120,17139,84.2872979753778,TRUE,3.51702285930445
3489,15853,76.6290292058285,TRUE,4.69131672974686
4904,17659,69.6358797213885,TRUE,5.26977626975679
4535,18388,73.5534043941701,TRUE,4.96616789693986
3355,18218,80.1405203644747,TRUE,4.29136953123561
5345,18322,65.5932758432485,TRUE,5.40116463484755
5937,18371,65.4128789940667,TRUE,5.68482533829182
5388,18448,68.1103642671292,TRUE,5.40429625759876
2946,15847,80.1665930460024,TRUE,4.31164347455019
3066,17625,81.7078014184397,TRUE,4.17082062439169
3910,18369,77.5219119168164,TRUE,4.61366037438748
4859,18201,71.6608977528707,TRUE,5.16684965585304
2947,18290,83.0071077091307,TRUE,4.0140540420351
5780,18381,65.050867743866,TRUE,5.60763001542176
5113,18445,70.3496882624017,TRUE,5.26500231624627
3105,15837,78.3923722927322,TRUE,4.42786472040346
3355,17635,79.8015310462149,TRUE,4.36172750818809
3595,18373,79.8671964295434,TRUE,4.42343255461543
4317,18197,75.1167774907952,TRUE,4.87069714909994
4679,18281,72.9008259942016,TRUE,5.05913825962307
3208,18354,81.7042606516291,TRUE,4.18072706663685
4082,18418,76.6912802693018,TRUE,4.70777031235935
3501,15861,76.596683689553,TRUE,4.69819212761844
4859,17620,70.4143019296254,TRUE,5.25134434979617
3586,18283,79.6313515287425,TRUE,4.42875252533946
2466,18163,85.734735451192,TRUE,3.68470517804041
1850,15813,87.2193764624044,TRUE,3.42041442033046
2136,16865,80.4802846131041,TRUE,3.55883170868533
2513,17471,83.120599851182,TRUE,3.79260280957599
2708,17394,83.8450040243762,TRUE,3.94570486339707
1681,13569,86.9334512491709,TRUE,3.51973474636885
3183,16426,79.6663825642274,TRUE,4.40202404106372
3897,17427,76.6282205772652,TRUE,4.72883202262018
1938,16530,87.6285541439806,TRUE,3.42405285167073
1874,16856,88.4254864736592,TRUE,3.33432195432768
2722,17535,83.6555460507556,TRUE,3.93995421747691
2459,17591,85.0548575976352,TRUE,3.73881520377287
1503,13994,88.8595112190939,TRUE,3.277242328366
1573,15970,89.7370068879148,TRUE,3.13842607395261
1640,16184,89.4710825506673,TRUE,3.18331040754215
2170,16882,86.1746238597323,TRUE,3.58523740633774
3079,17712,81.2443541102078,TRUE,4.16937581303006
594,10780,94.1187384044527,TRUE,2.34738238930785
944,12987,91.7532917532917,TRUE,2.69607256371324
1721,15650,88.4536741214057,TRUE,3.31614310786207
2853,17825,83.5007012622721,TRUE,4.00070120081177
2692,17894,84.2405275511345,TRUE,3.87867875399838
2784,14343,79.4255037300425,TRUE,4.40569690711901
2451,16963,81.4714378352886,TRUE,3.80119653389719
3220,18127,79.2078115518288,TRUE,4.2146835141836
3979,17244,68.8877290651821,TRUE,4.80361245800675
4289,17531,73.2816154241059,TRUE,4.94623422573179
2797,18169,83.8956464307337,TRUE,3.92356381608332
4255,18197,75.0013738528329,TRUE,4.83559460828706
2902,15030,79.8070525615436,TRUE,4.39409268968414
2412,17359,85.3620600264992,TRUE,3.7275742258
2607,18421,84.2570978774225,TRUE,3.7619577548802
3029,17836,75.224265530388,TRUE,4.12098377679769
2889,18057,76.2031345184693,TRUE,3.99991692885994
2850,18542,82.7958149066983,TRUE,3.92052422426838
4794,18577,70.8510523765947,TRUE,5.07997089780536
2472,15407,79.0095411176738,TRUE,4.00557798912165
3854,17721,76.9764685965803,TRUE,4.66349743651555
3658,18641,79.3680596534521,TRUE,4.42983191117059
3336,18095,80.0718430505665,TRUE,4.29372007157585
2484,18312,85.2774137177807,TRUE,3.68305246928156
2882,18770,83.9371337240277,TRUE,3.91845489429921
3098,18787,82.7433863842018,TRUE,4.06080363364961
2883,15507,80.8215644547624,TRUE,4.31179820861737
2689,17749,84.1117809454054,TRUE,3.89231927058742
6906,19188,60.1417552637065,TRUE,5.99927033295132
6227,19263,64.0917821730779,TRUE,5.68561529240061
7087,19353,58.016844933602,TRUE,6.05141682029856
4732,16582,69.165360028947,TRUE,5.34200035533561
5413,17979,67.5510317592747,TRUE,5.48701626213433
5317,18306,68.7424888014859,TRUE,5.3893526344064
3973,18015,77.0746600055509,TRUE,4.69615204384112
5541,19031,69.9227576060112,TRUE,5.39589227168206
1431,13689,88.698955365622,TRUE,3.23321031100474
2304,15904,84.7648390342052,TRUE,3.80616887817331
2458,16503,81.463976246743,TRUE,3.85930844185808
4592,18566,71.5124420984595,TRUE,4.97326689455113
5890,19361,66.9541862507102,TRUE,5.51561259839949
5913,19121,66.1890068511061,TRUE,5.56094549942272
6815,19200,59.0572916666667,TRUE,5.95775055425004
5783,19349,66.2101400589178,TRUE,5.46697809591974
6110,19391,66.6236914032283,TRUE,5.61332906152927
4472,16516,71.2884475659966,TRUE,5.20353476372525
4048,18545,77.0719870585063,TRUE,4.67204301992699
4431,19354,75.9532913092901,TRUE,4.78481891973536
4226,19079,76.0469626290686,TRUE,4.7063794855544
4913,19170,72.8534167970788,TRUE,5.06246840314206
4606,19329,74.6753582699571,TRUE,4.88154473718719
5164,19381,71.2914710283267,TRUE,5.16184579184056
4853,16509,68.1507056756921,TRUE,5.42181583815402
2503,18232,85.558358929355,TRUE,3.7052137642857
1811,17380,88.9010356731876,TRUE,3.22800604320372
2050,17718,87.786431877187,TRUE,3.40149300234379
2992,18319,82.7829029968885,TRUE,4.04138209724888
2405,18229,86.3788468923144,TRUE,3.63225322372575
1373,13808,89.2960602549247,TRUE,3.15333331700143
2703,17367,83.6586629815167,TRUE,3.94512365978123
3316,18148,81.0557637205202,TRUE,4.2745743523493
2170,17421,86.7745824005511,TRUE,3.52933860455356
3304,17755,80.5744860602647,TRUE,4.31379677077572
3260,16549,79.4851652667835,TRUE,4.43836405366192
3060,18215,80.2799890200384,TRUE,4.09869994050623
1215,13813,90.3062332585246,TRUE,2.96581551702481
1573,17031,90.2941694556984,TRUE,3.03909507559662
2349,18039,86.3573368812018,TRUE,3.60857120340607
1815,17259,88.9622805492786,TRUE,3.24287717776319
2244,17636,86.6919936493536,TRUE,3.56706794022474
2937,18192,83.1409410729991,TRUE,4.01801681217269
2544,18126,85.0049652432969,TRUE,3.74634324632678
1097,13964,91.7860211973646,TRUE,2.80284056102758
1610,16953,90.0430602253289,TRUE,3.08169502325634
5793,15993,58.2692427937223,TRUE,6.01847963920381
4535,16047,69.4896242288278,TRUE,5.31608258904995
2780,12107,74.4280168497563,TRUE,4.79186006207892
4254,14781,68.0941749543333,TRUE,5.36471721393289
4465,15899,68.5389018177244,TRUE,5.29938932952333
2683,15099,73.3690972912113,TRUE,4.21537527406973
2809,15469,62.2406102527636,TRUE,4.26132590188141
3366,16430,51.6129032258064,TRUE,4.52624725146291
5556,16643,59.8269542750706,TRUE,5.77783734924208
3226,12996,70.3601108033241,TRUE,4.98227081444313
2570,14853,80.3339392715276,TRUE,4.15967568094991
3483,16541,72.0694033008887,TRUE,4.58876541467892
3938,16053,72.3167009281754,TRUE,4.95290220644592
2750,16233,81.8949054395367,TRUE,4.11592026231575
4106,16593,70.2886759476888,TRUE,4.97447228915143
6144,16594,57.3460286850669,TRUE,6.08485257657331
2422,13083,79.9357945425361,TRUE,4.30262403293076
2787,15454,80.8334411802769,TRUE,4.246665269566
2175,16557,85.8368061846953,TRUE,3.62442240370295
2370,15828,84.1357088703563,TRUE,3.86955614328307
3462,16215,75.9605303731113,TRUE,4.62067108709299
3878,16587,75.3421354072466,TRUE,4.83526165062444
4246,16606,71.9559195471516,TRUE,5.05658693388818
2038,14085,84.5935392261271,TRUE,3.80385246489988
5172,16471,66.8629712828608,TRUE,5.60362771384214
5645,17222,63.1808152363256,TRUE,5.72519364692054
5748,17139,64.0877530777758,TRUE,5.79116101898732
5604,17256,64.5282800185443,TRUE,5.69874202256757
6108,17341,60.4463410414624,TRUE,5.93488687227693
5891,17414,61.8410474330998,TRUE,5.81627913881015
3477,14685,74.3139257745999,TRUE,4.86592454264857
3676,16592,76.0065091610415,TRUE,4.70693695993912
3937,17369,76.1126144280039,TRUE,4.7609684095678
3374,17287,79.4990455255394,TRUE,4.41786787323715
5227,17307,64.996822095106,TRUE,5.49560301609795
6190,17432,59.7751262046811,TRUE,5.9589770921958
4452,17484,72.6950354609929,TRUE,5.04611540829136
3364,14781,75.2384818347879,TRUE,4.77063384648265
3804,16641,75.7226128237486,TRUE,4.78112990546024
5936,17411,62.2135431623686,TRUE,5.83895446434458
4801,17342,69.0866105408834,TRUE,5.26158101768604
6078,17379,60.0897635076817,TRUE,5.9138180196744
5297,17452,67.3619069447628,TRUE,5.5092487818875
5104,17506,69.5418713583914,TRUE,5.39960350762251
3124,14806,77.9346210995542,TRUE,4.59342510930239
2691,16296,82.639911634757,TRUE,4.06365042621172
3793,16917,73.8665247975409,TRUE,4.73510644855542
3373,16449,77.573104748009,TRUE,4.52833366969156
2338,12530,80.7262569832402,TRUE,4.31963168303676
2946,15865,80.8950520012606,TRUE,4.30919684333455
5120,16627,67.1077163649486,TRUE,5.54917003032892
3005,16091,80.4238394133367,TRUE,4.3214622217788
3282,16461,79.4605431018772,TRUE,4.46520272286676
4406,16708,73.066794350012,TRUE,5.13523133945724
5259,16679,67.288206727022,TRUE,5.61521747630432
2413,12715,80.621313409359,TRUE,4.3563270686328
3606,15880,76.4861460957179,TRUE,4.76527109031918
6099,16692,59.0462497004553,TRUE,6.04470524826989
4825,16156,68.5132458529339,TRUE,5.46489392489
3846,16508,75.9752847104434,TRUE,4.82677894754677
2854,16745,82.5380710659899,TRUE,4.12842508707762
1882,16674,88.425092959098,TRUE,3.35961808918361
953,12737,92.3372850749784,TRUE,2.73534982244936
2044,15970,86.7689417658109,TRUE,3.57756874447966
2295,16681,85.8881362028655,TRUE,3.70920044963076
1680,16134,88.9859923143672,TRUE,3.22688593845509
2858,16505,81.5934565283248,TRUE,4.16124558986052
2965,16753,81.4958514892855,TRUE,4.20693744765402
1843,16704,88.52969348659,TRUE,3.32163896903517
1223,12732,89.7502356267672,TRUE,3.09930925791819
2680,15525,81.8164251207729,TRUE,4.15481405975954
2432,16013,84.0192343720727,TRUE,3.8971348483506
2348,16056,84.5602889885401,TRUE,3.82410991496765
1749,12280,83.8925081433225,TRUE,3.77394634431546
2159,14720,84.116847826087,TRUE,3.82976756020746
2570,15890,73.4235368156073,TRUE,4.02165316098522
874,15155,75.0907291322996,TRUE,2.40147320890286
1430,15525,85.8679549114332,TRUE,3.03495470814892
2132,16030,86.0137242669994,TRUE,3.64692505859825
3444,16080,77.6990049751244,TRUE,4.62794883806651
1281,12037,87.9787322422531,TRUE,3.2622364401348
2478,13406,66.1942413844547,TRUE,4.29933259689871
3784,15975,58.3223787167449,TRUE,4.86693034207565
3275,15164,74.2943814297019,TRUE,4.647279193677
3484,15499,75.6113297632105,TRUE,4.74118862781166
4467,16010,69.5315427857589,TRUE,5.2821692210871
2112,16023,85.2711726892592,TRUE,3.63057188847828
1040,12259,90.8638551268456,TRUE,2.91265567764206
2504,14726,79.4445198967812,TRUE,4.12358322481538
2998,15891,72.9847083254672,TRUE,4.34350374627541
1863,15176,86.2809699525567,TRUE,3.50370690060324
1787,15541,88.0509619715591,TRUE,3.39096100871726
5327,16993,66.3155416936386,TRUE,5.59894652599096
3907,16711,75.5729758841482,TRUE,4.83526728384084
3088,16834,80.9967922062493,TRUE,4.28296952676636
3488,17203,78.8002092658257,TRUE,4.50283614372194
2561,17132,84.677795937427,TRUE,3.86634635475821
1698,12947,85.6878041245076,TRUE,3.62146480551823
1460,13155,88.5366780691752,TRUE,3.33143237319394
2824,15914,79.0121905240669,TRUE,4.2125267269372
4265,16782,70.545822905494,TRUE,5.0412433180115
4680,16824,68.7291963861151,TRUE,5.27422067314093
3543,17052,77.8090546563453,TRUE,4.55824762308773
3163,17083,80.2493707194287,TRUE,4.30296214588753
2138,13482,82.3468328141225,TRUE,3.98223320245588
3966,16094,72.3313035914005,TRUE,4.96414383318216
4260,17002,71.3445477002706,TRUE,5.00558445931343
3218,16731,79.6186719263642,TRUE,4.38563082067975
2395,16773,84.9997019018661,TRUE,3.77874325855597
2472,17234,84.8671231286991,TRUE,3.78731291555682
3309,17266,79.9837831576509,TRUE,4.37776571084155
1400,14241,89.7970648128643,TRUE,3.1354059244496
3136,16674,79.8728559433849,TRUE,4.3367873594604
3772,17312,74.8498151571165,TRUE,4.66779979201512
4079,17119,73.3687715403937,TRUE,4.88132424271541
3914,17165,75.8811535100495,TRUE,4.77516636434436
4396,17391,72.9055258467023,TRUE,5.02766768544235
3464,16534,78.1541066892464,TRUE,4.57720090384822
2791,16557,82.0740472307785,TRUE,4.10571778424762
1187,12539,90.0311029587686,TRUE,3.07676203667968
1512,15685,90.1051960471788,TRUE,3.10480003098229
1849,16495,88.2570475901788,TRUE,3.34805277905483
1173,15606,92.0735614507241,TRUE,2.74159440276658
1158,15959,92.4995300457422,TRUE,2.69371374503849
1607,16539,90.0417195719209,TRUE,3.11711851510866
2265,16583,86.0700717602364,TRUE,3.69574972114274
1123,12668,90.9456899273761,TRUE,2.97739085961392
1890,15794,87.8688109408636,TRUE,3.45927298480275
1816,16540,88.6033857315599,TRUE,3.31352437333307
2024,15842,86.7504103017296,TRUE,3.57437611698581
2267,16291,85.7774231170585,TRUE,3.73036981448167
3103,16600,80.9518072289157,TRUE,4.32351374281814
3489,16625,78.009022556391,TRUE,4.58109879454848
1588,12673,87.051211236487,TRUE,3.53985547965658
2106,15784,86.2835783071465,TRUE,3.65275586968074
2034,16577,87.3197804186523,TRUE,3.50285778588778
1424,16100,90.8944099378882,TRUE,2.97400748097486
1377,16390,91.2263575350824,TRUE,2.89852795527395
1771,16674,89.0608132421734,TRUE,3.25903768255122
3193,16623,79.7689947662877,TRUE,4.38273040622301
2838,14582,78.8574955424496,TRUE,4.41161544601359
2664,14683,79.9768439692161,TRUE,4.2595106736472
2299,15193,83.4858158362404,TRUE,3.88998311947265
3077,15228,78.066719201471,TRUE,4.49513059953861
1898,11791,82.427275040285,TRUE,4.01210956396413
3421,13988,73.8776093794681,TRUE,4.94536926344681
2523,15174,82.5095558191644,TRUE,4.07763722589278
1911,14566,86.0840313057806,TRUE,3.62209795202678
2133,14800,84.9256756756757,TRUE,3.79633535954902
2065,15295,85.7338999673096,TRUE,3.67439031197826
3134,15308,78.7627384374183,TRUE,4.52470499784031
1770,11563,83.8017815445819,TRUE,3.91247315191941
2401,12970,80.7787201233616,TRUE,4.30255164470556
3111,15107,78.7780499106374,TRUE,4.53796237701995
2279,14580,83.2578875171468,TRUE,3.95360612248389
2036,14790,85.4766734279919,TRUE,3.71026389188113
2784,15285,80.7981681386981,TRUE,4.26777872324916
3274,15290,63.5382603008502,TRUE,4.62738457785746
1466,11732,62.853733378793,TRUE,3.53493113823491
1563,14001,70.8306549532176,TRUE,3.3411806778836
2047,15177,80.0553469065033,TRUE,3.67253509192895
1542,14545,86.8752148504641,TRUE,3.25600695629103
2377,16124,84.7804515008683,TRUE,3.8395311567749
3403,16143,76.0515393669083,TRUE,4.59133362126199
2417,12770,79.8903680501175,TRUE,4.3505371003893
3646,15239,75.3855239845134,TRUE,4.89136529265025
3149,16142,79.1661504150663,TRUE,4.41679923419188
2224,15768,85.369101978691,TRUE,3.75559788507482
3101,15867,79.4163988151509,TRUE,4.42082651378423
2702,16183,82.9203485138726,TRUE,4.08613918011197
3356,16223,78.4811687110892,TRUE,4.54826114089571
1540,12622,87.5217873554112,TRUE,3.49298139563677
1900,15054,86.9071343164607,TRUE,3.55263708219831
2397,16201,84.8034071970866,TRUE,3.84647669966286
2046,15993,86.4003001313074,TRUE,3.57674390751263
2585,16045,82.7298223745715,TRUE,4.01384329376619
2997,16244,81.2053681359271,TRUE,4.29533342010311
2309,16280,85.5651105651106,TRUE,3.76603859287802
1571,12878,87.1486255629756,TRUE,3.49272089337414
2114,15361,85.7886856324458,TRUE,3.70973379929917
2205,16249,86.0360637577697,TRUE,3.6837570292035
2113,16015,86.2566344052451,TRUE,3.63233819141462
1907,16057,87.8246247742418,TRUE,3.44622114523316
2934,16255,81.2180867425407,TRUE,4.24850924693424
2734,16301,82.694313232317,TRUE,4.09536044559135
1406,12902,88.7614323360719,TRUE,3.3011415095161
1503,15431,90.0978549672737,TRUE,3.12091869447203
1958,15725,87.0015898251192,TRUE,3.5286697683211
1916,16009,87.6819289149853,TRUE,3.45951844182608
3734,16233,76.2643996796649,TRUE,4.79609484051493
2799,16267,82.0864326550685,TRUE,4.14808565708965
899,11667,91.9773720750836,TRUE,2.77587718185427
749,12271,93.4316681607041,TRUE,2.47059143109405
1519,15194,89.6538107147558,TRUE,3.16186137929247
1912,15635,87.4128557723057,TRUE,3.49699491806716
2336,15422,83.8607184541564,TRUE,3.89193940377493
1695,15584,88.8539527720739,TRUE,3.29795998172624
1802,15651,88.2116158711903,TRUE,3.39317569555061
1267,12132,89.1361688097593,TRUE,3.23163353812912
1531,15318,89.8550724637681,TRUE,3.16145178455749
1582,16058,89.7994768962511,TRUE,3.13875568834883
1946,15434,86.7824284048205,TRUE,3.55084871960483
1686,15673,88.7322146366363,TRUE,3.2798404550105
1759,16073,88.6579978846513,TRUE,3.30814431768078
2113,16105,86.6501086619062,TRUE,3.62217462611107
998,12364,91.8149466192171,TRUE,2.8410951087595
2673,15358,82.159135304076,TRUE,4.17188326481665
3423,16077,78.1178080487653,TRUE,4.61424811725901
1463,15445,90.158627387504,TRUE,3.07771362207847
2832,15683,80.0420837849901,TRUE,4.24944344113385
2879,16087,81.5503201342699,TRUE,4.23041819655395
4649,15471,68.0692909314201,TRUE,5.48176709998033
3712,15494,75.0871305021299,TRUE,4.89465637507641
3386,15870,77.3597983616887,TRUE,4.61907499530202
4231,16033,72.6127362315225,TRUE,5.13705382717827
4192,16042,72.522129410298,TRUE,5.11188860028395
1765,11991,84.3132349261947,TRUE,3.83658348833706
1758,12166,83.6347197106691,TRUE,3.80132961674861
4556,16043,70.0430094122047,TRUE,5.32904105364118
3509,15999,77.4923432714545,TRUE,4.68322760377918
2747,15954,82.2552337971669,TRUE,4.14948821854794
3184,15856,79.3516649848638,TRUE,4.48115236728787
2689,15882,82.8296184359652,TRUE,4.11474385445618
1383,12047,88.1215240308791,TRUE,3.38822025901739
2871,13970,78.6041517537581,TRUE,4.53334105295004
6464,15882,56.5231079209168,TRUE,6.37966799350418
4598,15350,67.7980456026059,TRUE,5.47306106252587
3924,14749,71.591294325039,TRUE,5.1580222539696
4877,14982,65.2516352956882,TRUE,5.70547072631031
4638,15060,62.5962815405046,TRUE,5.54948761139296
5007,12179,45.3567616388866,TRUE,6.4118444875985
4983,14357,59.4135265027513,TRUE,5.89133329882896
3007,15646,79.3173974178704,TRUE,4.38394453713968
3331,16315,78.3879865154766,TRUE,4.51849470078448
2240,15920,85.1130653266332,TRUE,3.7510467550797
1745,16026,88.8306501934357,TRUE,3.29978121946644
2188,16344,86.3069016152717,TRUE,3.65884896135075
1349,16330,91.5554194733619,TRUE,2.87417284887625
912,13162,92.8582282327914,TRUE,2.63230661969693
1329,15129,91.017251635931,TRUE,2.96385790789564
3135,16343,79.6120663280915,TRUE,4.37978591123827
1952,15941,87.4286431215106,TRUE,3.49930764657738
2136,16028,86.4736710756177,TRUE,3.65057232676636
3628,16344,76.8783651492903,TRUE,4.71144865293066
3502,16413,77.88338512155,TRUE,4.6191714909604
1617,13458,87.2789418932977,TRUE,3.46628883247976
2978,15660,79.7190293742018,TRUE,4.36080300056151
3262,16344,79.1299559471366,TRUE,4.46748189899701
2709,15770,82.0101458465441,TRUE,4.14465757692119
4012,15939,73.8816738816739,TRUE,5.01706730086403
3808,16309,76.0009810534061,TRUE,4.83208765080437
3458,16371,78.4008307372793,TRUE,4.59594571329693
3105,13045,73.7370640091989,TRUE,4.87875220460875
4376,15526,70.3980419940745,TRUE,5.30895281891751
3831,16300,75.1349693251534,TRUE,4.84799623397776
2136,15889,86.1287683302914,TRUE,3.66650550722715
3069,15988,79.3282461846385,TRUE,4.38128368575367
3140,14706,77.594179246566,TRUE,4.6208039544398
2845,16621,82.4378797906263,TRUE,4.1372575828489
3672,17134,77.6409478230419,TRUE,4.62937066142967
3517,16566,78.1299046239285,TRUE,4.60762743641241
3035,16745,81.2302179755151,TRUE,4.25732467368035
3913,16915,76.4114691102572,TRUE,4.80971034751141
4645,16950,70.070796460177,TRUE,5.23489539470564
1989,14032,85.0912200684151,TRUE,3.76493604773807
2805,16224,82.2177021696253,TRUE,4.15802852123839
4048,16907,74.7915064766073,TRUE,4.89313249445873
3234,16401,78.2330345710627,TRUE,4.44053035786886
2937,16634,81.7542383070819,TRUE,4.2019765527215
2952,16844,82.0648302066018,TRUE,4.18635024550711
2586,16864,83.9006166982922,TRUE,3.91592137659887
1419,13500,84.3185185185185,TRUE,3.24208437754342
2127,15798,78.9973414356248,TRUE,3.66929551631148
2519,16578,77.5545904210399,TRUE,3.89805548066487
1908,16142,81.2848469830256,TRUE,3.43803674243013
1818,16394,82.0483103574478,TRUE,3.3300785215396
2730,16607,77.4312037092792,TRUE,4.0544853048064
2839,16616,77.7262879152624,TRUE,4.13351439593898
985,12343,88.3577736368792,TRUE,2.82493039034259
745,12551,91.7456776352482,TRUE,2.4363460364656
2206,15832,83.0975240020212,TRUE,3.73280122053076
3162,15822,76.4631525723676,TRUE,4.47043971524389
1120,14790,92.0757268424611,TRUE,2.75185105812655
1702,15584,87.820841889117,TRUE,3.30476291215333
1846,14917,87.1891130924449,TRUE,3.51783206746957
1200,15217,91.9169350069002,TRUE,2.80818750556989
2417,15686,84.0558459773046,TRUE,3.92538465010518
3245,15750,70.8253968253968,TRUE,4.53907199801618
3407,12136,66.2079762689519,TRUE,5.29844319867618
1709,14780,87.9228687415426,TRUE,3.40042980647176
2126,15572,85.8207038273825,TRUE,3.6949573735422
1837,14920,87.2252010723861,TRUE,3.50889333546608
2359,15230,83.6441234405778,TRUE,3.93562779229705
2783,15720,81.5521628498728,TRUE,4.20756014109922
4158,15988,73.2862146609958,TRUE,5.09970638899343
1656,12544,86.328125,TRUE,3.63339106238854
1660,14980,81.0146862483311,TRUE,3.32887998019806
2441,15991,81.595897692452,TRUE,3.90702399154582
3235,15665,78.5509096712416,TRUE,4.54435177987641
3436,15967,77.9607941379094,TRUE,4.63889897809178
3159,16097,79.8844505187302,TRUE,4.42998586936327
3367,16231,78.7443780420184,TRUE,4.55458613059645
4930,20691,72.4179594992992,TRUE,4.88126874821852
3369,20706,83.2174249009949,TRUE,4.03368890589127
2260,17231,86.2573269108003,TRUE,3.62158746536006
2296,19931,88.0989413476494,TRUE,3.39407470656472
2797,20618,86.1092249490736,TRUE,3.68318018525289
2893,20167,83.4035801061139,TRUE,3.78750807714288
3397,20357,81.7949599646313,TRUE,4.08498894081232
3901,20628,80.4101221640489,TRUE,4.34869965341211
3143,20624,84.3822730799069,TRUE,3.90378364730092
1925,16978,88.2259394510543,TRUE,3.36722472958815
2099,19531,88.7972966053966,TRUE,3.2782644130431
4521,20519,75.7980408401969,TRUE,4.69395755063965
6179,20008,67.438024790084,TRUE,5.55721575442447
4755,20226,72.9605458320973,TRUE,4.84864356373898
3182,20587,84.0627580511974,TRUE,3.9314572301865
5205,20612,72.6712594605084,TRUE,5.02516469631709
2944,16920,81.9326241134752,TRUE,4.17127404838872
3175,19859,83.7302986051664,TRUE,3.99846387745647
4134,20726,79.6439255041976,TRUE,4.46609019099849
3196,20003,82.8775683647453,TRUE,3.99719943954465
2184,20322,89.046353705344,TRUE,3.27825772675956
2721,20793,86.5098831337469,TRUE,3.61747629665895
4126,20845,78.7766850563684,TRUE,4.44901287021168
2768,16464,78.3649173955296,TRUE,4.10029746011419
6653,19861,61.4974069785006,TRUE,5.78772924193563
4866,21934,76.6663627245373,TRUE,4.71006751822738
5115,21997,70.6005364367868,TRUE,4.82215417494496
3744,18646,78.5262254639065,TRUE,4.48100140506465
5504,21230,73.2454074422986,TRUE,5.09171650955352
5382,21952,73.9340379008746,TRUE,4.9514773835577
5795,21566,71.2556802374107,TRUE,5.18372459233416
6396,21684,68.8433868289983,TRUE,5.43105909355605
7117,21927,61.7959593195604,TRUE,5.69716601055569
6587,21990,62.2464756707594,TRUE,5.47307270041178
3531,18609,79.0800150464829,TRUE,4.35599468161871
3284,21191,83.9743287244585,TRUE,3.93664133677338
5020,21907,75.8935500068471,TRUE,4.78696667880855
5788,21236,68.6334526276135,TRUE,5.22068996319874
6728,21382,63.7218220933495,TRUE,5.60943123934339
6472,21701,68.1996221372287,TRUE,5.46109059046882
5302,21772,74.2329597648356,TRUE,4.93481298557966
5395,18024,65.4516200621394,TRUE,5.47104308813769
6041,20909,68.1859486345593,TRUE,5.37511532408729
7141,21630,61.7521960240407,TRUE,5.7458099469414
5621,21136,69.3366767600303,TRUE,5.15697935164648
4122,21229,79.2265297470441,TRUE,4.40645384191484
4022,21566,80.5109895205416,TRUE,4.31853290148617
5306,21601,72.7095967779269,TRUE,4.95617570385859
3396,17761,78.1937953944035,TRUE,4.37270454231215
6786,21308,65.6420123897128,TRUE,5.64333177673717
3276,16982,80.1377929572488,TRUE,4.39215368752498
2510,19349,86.655641118404,TRUE,3.60170051888448
2381,19822,87.7257592573908,TRUE,3.46581966684237
3688,20491,81.274705968474,TRUE,4.24242212978679
3503,21284,83.1093779364781,TRUE,4.05689197371273
904,12290,92.40032546786,TRUE,2.71211608105246
1218,15210,91.7028270874425,TRUE,2.829821468989
3161,20396,83.9870562855462,TRUE,3.93676731463598
4755,22160,73.7138989169675,TRUE,4.63223285548523
6734,21532,62.3676388630875,TRUE,5.59235033905195
5247,19752,72.6458080194411,TRUE,5.15406621435152
3681,19234,80.3369034002288,TRUE,4.37469825457145
3793,20344,80.5495477782147,TRUE,4.31790663805492
2544,20426,86.4731224909429,TRUE,3.52912376935941
2592,15547,82.2859715700778,TRUE,4.08313932625055
4189,19041,76.6661414841657,TRUE,4.69040456288152
3253,19996,83.2116423284657,TRUE,4.03339232541668
2836,18916,84.6954958765067,TRUE,3.87202774500772
2756,19457,85.2803618235082,TRUE,3.76358446454861
3514,20344,82.1716476602438,TRUE,4.15606857697463
3765,20120,80.044731610338,TRUE,4.32582057626662
3542,20464,81.3868256450352,TRUE,4.16034182453206
3813,21174,80.8633229432323,TRUE,4.24357564549012
4061,21351,79.5559926935506,TRUE,4.36121386865294
5451,17867,66.5584597302289,TRUE,5.52347346919861
5655,20537,70.6870526367045,TRUE,5.24744388556297
3034,21350,84.3512880562061,TRUE,3.76971787190018
3312,20696,82.5715114031697,TRUE,4.00038652944961
3644,20963,74.0733673615418,TRUE,4.16929348418043
4889,21410,70.9901914992994,TRUE,4.77861107163341
4590,21459,75.9308448669556,TRUE,4.62489207766444
2550,17973,83.9314527346575,TRUE,3.76668934072761
2321,20598,87.0569958248374,TRUE,3.3567967290301
1817,21339,90.0698252026805,TRUE,2.91803456505485
1688,20698,90.2647598801817,TRUE,2.85576212789915
2239,20947,87.6115911586385,TRUE,3.26938548702035
3166,21320,83.9118198874296,TRUE,3.85355760192703
4019,21356,79.5514141224948,TRUE,4.33809488612875
1980,17885,87.5985462678222,TRUE,3.3272706024199
2402,20507,86.755741941776,TRUE,3.42243679045058
3228,21305,82.8631776578268,TRUE,3.89247645043045
2325,20676,87.381505126717,TRUE,3.35334484482104
2492,20923,86.8135544615973,TRUE,3.45113574141239
2278,21314,88.176785211598,TRUE,3.26922174661851
5891,21667,70.4343010107537,TRUE,5.21428925931502
6294,22330,70.38513210927,TRUE,5.30907679942177
3323,21984,84.2248908296943,TRUE,3.88787069917558
3238,22146,82.7282579246817,TRUE,3.82376130876053
5613,22327,68.5761633896179,TRUE,5.01397697090043
4813,22351,76.5782291620062,TRUE,4.64044309717934
2830,19180,82.6329509906152,TRUE,3.84121765539535
3641,21666,81.7271300655405,TRUE,4.09940635526832
4112,22365,80.18779342723,TRUE,4.28787485594402
4311,22017,79.533996457283,TRUE,4.42496602188797
5669,22170,69.5624718087506,TRUE,5.05673717812071
7269,22354,61.4968238346605,TRUE,5.7024266953308
5586,22387,72.4706302764998,TRUE,4.99519579800801
5073,19196,71.3898728901855,TRUE,5.14075682213362
6359,21683,68.5882949776322,TRUE,5.41545220924645
5042,22372,72.6264974074736,TRUE,4.74732555723341
5479,22021,72.9667135915717,TRUE,4.98806531675318
4004,22166,81.2325182712262,TRUE,4.250141311056
2814,22365,86.6443103062821,TRUE,3.54713400147403
2969,22392,86.0977134690961,TRUE,3.64131840329621
2206,19198,88.0716741327222,TRUE,3.3898053468619
2846,21687,86.3743256328676,TRUE,3.62257768995354
4792,22371,76.5589379106879,TRUE,4.62823823453409
4889,22015,75.9209629797865,TRUE,4.71249251850838
4894,22158,73.0481090351115,TRUE,4.69966285401631
5026,18300,68.7158469945355,TRUE,5.24065653084773
2990,20207,83.9313109318553,TRUE,3.84666772360703
1680,16806,89.6168035225515,TRUE,3.16171311894096
1967,20595,90.0169944161204,TRUE,3.09044687054715
1874,21434,90.850984417281,TRUE,2.95687646174182
1928,20007,89.818563502774,TRUE,3.1042917357244
2286,20423,88.2093717867111,TRUE,3.34563334783772
4030,21611,80.7921891629263,TRUE,4.31832268203451
3782,21605,82.013422818792,TRUE,4.183922457214
1568,16829,90.3202804682393,TRUE,3.05241707260733
2070,20836,89.6717220195815,TRUE,3.15194041104374
5490,21587,67.9714643072219,TRUE,5.04301228896786
5317,20596,73.1452709263935,TRUE,5.08091452077773
2745,20809,86.183862751694,TRUE,3.63199773733889
2924,21613,86.1194651367233,TRUE,3.67816457580957
2975,21625,85.9514450867052,TRUE,3.70907339284706
1496,16869,90.7700515738929,TRUE,2.9779755492888
2259,20883,88.9096394196236,TRUE,3.2889833218612
3021,21623,85.538546917634,TRUE,3.73781143636369
2094,20780,89.3647738209817,TRUE,3.1744286277389
2964,20988,85.1724795121022,TRUE,3.75797227661269
1677,18902,90.5618453073749,TRUE,2.97860320097959
2333,20989,88.4415646290914,TRUE,3.33396852619953
2982,20483,84.8508519259874,TRUE,3.81554901616806
2211,20661,89.0905570882339,TRUE,3.27128741171455
2772,21270,85.5101081335214,TRUE,3.61004709891955
2403,21293,88.3529798525337,TRUE,3.35937478668336
1593,17111,90.5382502483782,TRUE,3.05119660346423
1907,20436,90.4139753376395,TRUE,3.05476214068328
2005,21247,90.238621923095,TRUE,3.07190923486502
2318,20418,88.2309726711725,TRUE,3.36938094983503
4193,20668,79.1900522546932,TRUE,4.50415372882085
2973,21286,85.389457859626,TRUE,3.73723515696225
2014,21309,90.1262377399221,TRUE,3.07431382741079
1539,17103,90.6507630240309,TRUE,2.99973687672624
2086,20470,89.3502686858818,TRUE,3.19225981338769
2055,21297,90.1112832793351,TRUE,3.1063236104322
1588,20454,91.8695609660702,TRUE,2.78635291900086
3129,20757,84.3040901864431,TRUE,3.88258067804026
2262,21428,89.1963785700952,TRUE,3.24904316697086
2747,21537,87.0455495194317,TRUE,3.57138545599775
1203,18064,93.0580159433127,TRUE,2.58063065190641
1868,20846,90.6456874220474,TRUE,2.99348488243072
1654,21724,91.8799484441171,TRUE,2.75929323099189
303,6945,95.2915766738661,TRUE,2.08874387417947
458,8045,94.0335612181479,TRUE,2.38599601934926
591,8101,92.2108381681274,TRUE,2.70099900595485
535,7335,92.3381049761418,TRUE,2.70070303149921
1045,8334,87.1010319174466,TRUE,3.54104460297376
1106,8416,85.9553231939164,TRUE,3.62513930504589
722,7339,89.6988690557297,TRUE,3.13653512151065
433,7466,93.570854540584,TRUE,2.40824105241042
697,8560,91.4836448598131,TRUE,2.85351070866853
826,8597,90.1826218448296,TRUE,3.09967785288593
499,7903,93.3442996330507,TRUE,2.5127789303232
745,8686,90.9164172231177,TRUE,2.92865506551163
802,8834,90.4799637763188,TRUE,3.01306490283084
496,7745,93.4538411878631,TRUE,2.53063859487474
776,8624,90.3525046382189,TRUE,2.99969076946782
1198,10237,87.193513724724,TRUE,3.42091322017081
759,10217,91.4260546148576,TRUE,2.72558161597594
601,8348,91.5189266890273,TRUE,2.68315657028099
1004,10105,89.0054428500742,TRUE,3.15209064086263
1416,10734,85.6996459847215,TRUE,3.6320417428647
1152,10488,88.6250953470633,TRUE,3.31420905999664
742,10889,92.9102764257508,TRUE,2.61040536726914
1178,12310,89.5288383428107,TRUE,3.09345368917189
1627,12414,85.8949573062671,TRUE,3.62024452940885
691,11605,93.3476949590694,TRUE,2.44014959175855
1001,12384,91.4486434108527,TRUE,2.84306354763964
407,9982,95.2013624524143,TRUE,2.0192422367262
539,10215,94.0088105726872,TRUE,2.29707511569099
867,12346,92.726389113883,TRUE,2.65000328576159
1020,12527,91.658018679652,TRUE,2.85349126321411
790,11356,92.8584008453681,TRUE,2.63755092567387
1065,12825,91.4385964912281,TRUE,2.88168241956873
1175,12316,90.2322182526794,TRUE,3.08875949310331
762,9925,92.0201511335013,TRUE,2.7708449729243
670,10139,93.1354176940527,TRUE,2.57063158776895
1229,12241,89.6985540397026,TRUE,3.16860054430374
2812,12383,76.903819752887,TRUE,4.76534910024034
800,10777,92.400482509047,TRUE,2.72455796568525
2134,12153,79.5359170575167,TRUE,4.19039978301349
1862,11781,82.879212290977,TRUE,3.97556410120086
965,9680,88.8223140495868,TRUE,3.15737363396586
928,9848,89.3176279447604,TRUE,3.06972851304241
1432,11711,87.1829903509521,TRUE,3.49682999276376
939,11867,91.9608999747198,TRUE,2.81295202260658
503,8910,94.1750841750842,TRUE,2.37599291076572
958,11501,91.3659681766803,TRUE,2.8861237776575
798,11655,92.9472329472329,TRUE,2.61664801737774
328,9017,96.1628035932128,TRUE,1.90724237377687
1114,10303,86.4990779384645,TRUE,3.28821908368467
2032,12478,77.6566757493188,TRUE,4.03542575242885
1018,12136,80.5454845088992,TRUE,2.89625038888139
717,9999,88.3288328832883,TRUE,2.67781946211972
787,10239,91.3956441058697,TRUE,2.77241726476901
1262,12307,86.974892337694,TRUE,3.20223778097174
992,12460,91.0593900481541,TRUE,2.82160888953832
929,10389,90.4418134565406,TRUE,2.99034284845954
1710,11896,83.4566240753194,TRUE,3.79138229286527
1518,12186,87.0178893812572,TRUE,3.52943590032392
1067,10062,88.719936394355,TRUE,3.25641729935054
1330,10469,86.1018244340434,TRUE,3.56429154653139
3155,12951,73.029109721257,TRUE,4.9356917651455
2441,13306,79.6858560048099,TRUE,4.28311889518773
3143,11157,62.5795464730662,TRUE,5.30760352645604
3060,12292,57.4926781646599,TRUE,4.98941280675383
3050,13125,51.1009523809524,TRUE,4.82059075613096
1903,10769,59.8941405887269,TRUE,4.20369991221921
1546,10981,66.5513159092979,TRUE,3.75218116453421
2794,13084,59.8899419137878,TRUE,4.62107410611667
2464,13193,73.9028272568787,TRUE,4.3216398402476
1380,11181,86.0119846167606,TRUE,3.5131704363186
1562,15356,89.6001562907007,TRUE,3.1893447243554
2381,16313,84.8709618095997,TRUE,3.82043468782647
2402,17293,84.6354016075869,TRUE,3.72693081505134
1640,15853,89.2070901406674,TRUE,3.21637141852017
1863,16122,88.0411859570773,TRUE,3.39935850687753
3680,17798,78.9639285312957,TRUE,4.54713981568935
3386,18278,80.5777437356385,TRUE,4.3040681611156
3134,17089,80.5254842296214,TRUE,4.28243885880897
3992,18794,77.5407044801532,TRUE,4.60877657722621
4900,18843,70.1109165207239,TRUE,5.09944621980269
3985,17437,75.1390720880885,TRUE,4.78055455969936
3194,17821,80.3546377868806,TRUE,4.23351809907579
4374,18939,75.4897301863879,TRUE,4.80574659966252
4352,19030,76.1954808197583,TRUE,4.78217042433871
4470,17555,72.6060951295927,TRUE,5.04607085783088
4534,18829,74.0028679165118,TRUE,4.90712510394927
4508,18899,74.3795968040637,TRUE,4.88396497953983
3929,17710,73.7154150197628,TRUE,4.71011741873274
3534,18039,77.5597316924441,TRUE,4.42615932979963
3819,19018,78.6255126722053,TRUE,4.48118019248856
4310,19116,75.6800585896631,TRUE,4.74832158317993
4527,17667,72.7118356257429,TRUE,5.06201983691716
4874,18966,72.3188864283455,TRUE,5.0693804927839
5613,18974,66.2643617581954,TRUE,5.4389876537446
3788,17762,76.9507938295237,TRUE,4.61805448258719
4838,16683,68.1891746088833,FALSE,5.38512584915126
2419,17780,85.326209223847,FALSE,3.68851926295714
2486,18060,85.7308970099668,FALSE,3.71015188651906
1331,14411,90.3823468184026,FALSE,3.03907885346296
762,10925,92.8237986270023,FALSE,2.6409900369532
1905,13479,84.9024408338898,FALSE,3.75940100641014
2888,17288,82.4907450254512,FALSE,4.08720308531642
1007,14334,92.2491977117343,FALSE,2.65051969230925
5870,18747,64.6290073078359,FALSE,5.59568374150222
3264,15317,78.0113599268786,FALSE,4.61623828867692
4914,17737,70.0738569092857,FALSE,5.26353473249085
3204,17261,80.1402004518858,FALSE,4.30837282011499
954,12253,91.667346772219,FALSE,2.79031330922999
1635,15885,88.9707271010387,FALSE,3.20822832566712
5611,20531,70.3813745068433,FALSE,5.22775327606664
7833,16352,49.2539138943249,FALSE,6.92115577488861
1700,12799,85.6316899757794,FALSE,3.64448729984409
6273,22146,67.2807730515669,FALSE,5.32218535974858
2285,13187,80.693106847653,FALSE,4.16265194213074
533,11712,94.7148224043716,FALSE,2.1332810359027
4067,18309,76.9020700202086,FALSE,4.71307959098712
2697,15358,80.9805964318271,FALSE,4.19057040544109
3076,17402,81.73198482933,FALSE,4.20429889286596
2974,20462,84.3661421170951,FALSE,3.81238227696873
3180,17291,80.4580417558267,FALSE,4.28848114127876
1272,15819,91.7567482141728,FALSE,2.83565925288017
2173,15754,84.2960517963692,FALSE,3.71393623139071
1778,15271,87.9379215506516,FALSE,3.41218162363174
2572,15685,83.1112527892891,FALSE,4.04942370268614
4482,20036,76.7817927730086,FALSE,4.72966536638056
408,9682,95.6207395166288,FALSE,2.05280426996613
4057,19116,77.5946850805608,FALSE,4.60684916373539
2773,21049,86.3889020856098,FALSE,3.62960363109865
460,9905,93.4679454820798,FALSE,2.15502184020293
1138,13556,91.0224254942461,FALSE,2.8973792861219
2217,16706,86.3282652939064,FALSE,3.64289461724958
2474,19566,86.8496371256261,FALSE,3.55589413700188
7215,19030,58.8334209143458,FALSE,6.15741993725964
2386,16701,84.7733668642596,FALSE,3.77975788463852
3614,17642,78.0467067225938,FALSE,4.52605852359249
2264,19639,88.0340139518305,FALSE,3.39530291401165
2560,16882,83.8170832839711,FALSE,3.89410838129834
1219,15360,91.8815104166667,FALSE,2.81712582549425
1691,16181,88.9314628267721,FALSE,3.23272770234414
2043,15831,86.633819720801,FALSE,3.59236129767141
2023,14231,84.8007870142646,FALSE,3.77033753859564
3247,15781,74.3615740447373,FALSE,4.53600875787209
2941,16444,80.1325711505716,FALSE,4.22905933232118
3006,17471,80.899776772938,FALSE,4.14796999574134
273,6253,92.3556692787462,FALSE,2.08947466266149
2402,14093,81.4092102462215,FALSE,4.12842857691926
2694,16212,70.9906242289662,FALSE,4.07643477849589
2330,19721,87.4448557375387,FALSE,3.4372687839134
3942,17335,75.8004038073262,FALSE,4.76866030895448
1773,15187,87.4300388490156,FALSE,3.41679066060304
3941,18635,77.2739468741615,FALSE,4.59873642542068
3215,21517,84.6772319561277,FALSE,3.86544616120693
2157,15818,85.554431660134,FALSE,3.69274472937998
2011,16259,86.715050126084,FALSE,3.51689271235363
3213,17672,81.332050701675,FALSE,4.26395400507044
2774,12964,70.8037642702869,FALSE,4.62576661258307
2394,22023,88.4802252190891,FALSE,3.29703709664806
2996,15650,79.9361022364217,FALSE,4.3753594101572
3252,14053,75.4287340781328,FALSE,4.81050583012914
1760,14746,87.6915773769158,FALSE,3.45477063194569
3844,18312,77.2935779816514,FALSE,4.58166993923246
2018,17520,81.6837899543379,FALSE,3.39385692688756
2151,17955,86.427179058758,FALSE,3.46120641896532
4441,17050,71.2140762463343,FALSE,5.10361840473153
2988,16700,81.5988023952096,FALSE,4.22991909720059
2688,17324,83.0870468713923,FALSE,3.93904139382742
2044,13362,83.0938482263134,FALSE,3.91115215900591
4918,18252,68.1569143107605,FALSE,5.19085660846143
3341,21022,83.7027875558938,FALSE,3.98658677716438
3316,15950,77.9184952978056,FALSE,4.55960180849574
3018,15823,79.3149213170701,FALSE,4.36732190253842
3749,16795,76.302470973504,FALSE,4.72462905194426
4017,18328,75.5619816673942,FALSE,4.68159001070917
1925,15716,87.2550267243574,FALSE,3.49980910652751
4444,17262,71.8398795041131,FALSE,5.07389492264232
2712,14707,80.308696539063,FALSE,4.29420522855052
1852,16723,88.3453925731029,FALSE,3.32784734630274
5221,16588,64.8782252230528,FALSE,5.61021924017554
2299,18351,86.9489401122555,FALSE,3.53948126614218
4241,18348,75.0763025942882,FALSE,4.80772668566133
1454,12594,87.7878354772114,FALSE,3.39781992526986
2678,16872,83.3748221906117,FALSE,3.98402452286218
4514,16991,71.720322523689,FALSE,5.15431916571266
3812,20694,81.0476466608679,FALSE,4.29194574744647
2805,17275,83.1143270622287,FALSE,4.0295579400816
2411,16598,84.6728521508616,FALSE,3.8112788519772
3668,17635,77.8395236745109,FALSE,4.56065196618609
2012,15632,86.028659160696,FALSE,3.58762230131155
3081,20588,84.3209636681562,FALSE,3.86846586798314
6067,17649,61.8165335146467,FALSE,5.86309519957518
1408,12178,87.6744949909673,FALSE,3.40026952068065
4153,16287,72.9293301406029,FALSE,5.04963999952096
2978,17098,81.7288571762779,FALSE,4.17339691170929
1356,15467,78.7289067045969,FALSE,2.96092087604765
2040,17046,87.5865305643553,FALSE,3.45942437932307
2939,21692,85.9302968836437,FALSE,3.68086589561091
5524,16988,65.7464092300447,FALSE,5.70237414359649
3673,16989,76.7084584142681,FALSE,4.64971737653767
5533,22043,66.9192033752212,FALSE,5.01008373918329
974,11232,90.2777777777778,FALSE,2.94476695540622
3057,18299,81.638340892945,FALSE,4.08727671191007
3432,17525,78.7902995720399,FALSE,4.42531944735371
1588,12368,86.853169469599,FALSE,3.58323680887275
2033,15385,85.4078648033799,FALSE,3.63512993519611
1626,16128,89.1803075396825,FALSE,3.17519215766467
2316,16838,84.6834540919349,FALSE,3.70871981745781
1701,16325,89.0964777947933,FALSE,3.22794080454897
2854,18507,83.6224131409737,FALSE,3.92698255425364
2596,16604,83.7990845579378,FALSE,3.95408482437616
3940,16683,74.0814002277768,FALSE,4.85971763394006
3823,17559,77.1000626459365,FALSE,4.66608084971123
3633,20292,81.327616794796,FALSE,4.23126545290402
2618,16440,83.5036496350365,FALSE,3.99056063846244
3914,17677,72.34259206879,FALSE,4.7055038132795
3718,13516,68.9035217519976,FALSE,5.24482015921571
3863,16888,75.2013263855992,FALSE,4.78270114293621
2229,13799,82.6436698311472,FALSE,4.01912234763383
1179,12793,90.4010005471742,FALSE,3.03578284593753
814,12660,92.0300157977883,FALSE,2.53568528055477
2626,17430,83.8095238095238,FALSE,3.88149174912279
1496,13799,88.658598449163,FALSE,3.29262286275353
2510,20789,86.0984174322959,FALSE,3.47472197712528
2074,16894,87.0664141115189,FALSE,3.50379050270186
3922,20616,80.3017074117191,FALSE,4.36165782510663
4489,18388,72.8953665433979,FALSE,4.94091696254002
2406,18827,86.7955595687045,FALSE,3.57484528004019
2429,16128,84.4432043650794,FALSE,3.88082000212441
3702,15335,65.7580697750245,FALSE,4.91333433169088
2788,18249,83.6703381007178,FALSE,3.90865059256576
3763,17665,77.9847155392018,FALSE,4.61541001684026
2349,15817,84.6683947651261,FALSE,3.85371373685919
222,11988,56.7067067067067,FALSE,1.36082763487954
1609,12864,86.7226368159204,FALSE,3.53663309262366
3163,13919,75.1634456498312,FALSE,4.76700468267636
630,11913,94.249979014522,FALSE,2.29963920396132
2155,16340,56.4014687882497,FALSE,3.63159668631362
1343,16614,91.6094859756832,FALSE,2.84315739962404
179,4912,92.3452768729642,FALSE,1.90896223320882
4995,17548,69.232961021199,FALSE,5.33523966766016
3929,18657,72.1766629147237,FALSE,4.58902167148702
4564,17253,71.7092679533994,FALSE,5.14328401202299
2531,16128,80.6609623015873,FALSE,3.96146492665016
3719,14040,72.0868945868946,FALSE,5.14670807299229
353,6062,86.7535466842626,FALSE,2.41312259801387
2092,17149,87.31704472564,FALSE,3.49270125241236
3666,18296,77.738303454307,FALSE,4.47628937779842
2117,16441,86.2052186606654,FALSE,3.5883625403606
2629,16187,83.2211033545438,FALSE,4.03006554619969
4269,16008,70.1836581709145,FALSE,5.16409876377079
3134,16227,79.4663215628274,FALSE,4.3947115789975
5189,16696,61.6554863440345,FALSE,5.5748812033299
1612,16011,88.895134594966,FALSE,3.17302351019341
2384,17406,84.7351487992646,FALSE,3.70086834669797
4007,19409,76.2378278118399,FALSE,4.54368370041039
2504,17752,80.2388463271744,FALSE,3.75572268767473
1625,15602,88.8411742084348,FALSE,3.22727925159466
3860,22423,82.1388752620078,FALSE,4.14903209050646
2537,20345,87.0434996313591,FALSE,3.53127375360924
2481,16866,85.0112652674019,FALSE,3.83537059377636
3226,14951,77.0249481640024,FALSE,4.6451213148813
1856,15146,86.7687838373168,FALSE,3.50058002022722
2573,17558,84.497095341155,FALSE,3.82809203694915
4724,22145,77.7647324452472,FALSE,4.61867179487697
5630,15909,59.815198943994,FALSE,5.9488464133927
1299,15697,91.4314837230044,FALSE,2.87671108206547
2326,17226,86.1024033437827,FALSE,3.67462168628653
1112,16632,92.8090428090428,FALSE,2.58571202687126
4984,21678,75.2836977580958,FALSE,4.79489841758383
1402,13607,89.2114352906592,FALSE,3.2099096945135
2737,18001,83.695350258319,FALSE,3.89932184480805
2812,16599,82.4507500451834,FALSE,4.11591782777961
1511,15687,90.1447058073564,FALSE,3.10357527888363
1464,16861,90.6114702568056,FALSE,2.94665217318121
5205,19114,68.6093962540546,FALSE,5.21836648287638
2476,18611,86.1963355005104,FALSE,3.64745939300795
1550,13106,86.9601709140852,FALSE,3.43898884631228
2324,15574,83.3504558880185,FALSE,3.86294012484223
3788,18235,78.5193309569509,FALSE,4.55776680821175
3234,17450,80.4412607449857,FALSE,4.30499143894599
5049,17176,65.3469958081043,FALSE,5.42177723394055
4482,16978,71.9990576039581,FALSE,5.13798298213897
1872,16645,87.8161610093121,FALSE,3.35359815821586
3380,18742,81.1652971934692,FALSE,4.24668827764645
2046,16305,85.1333946642134,FALSE,3.54235769905825
892,12683,92.4308128991564,FALSE,2.65198724504233
2044,14934,85.7640283915897,FALSE,3.69957956775775
2167,17601,86.8757456962673,FALSE,3.50881753100423
5197,17950,69.3147632311978,FALSE,5.38076632456329
5987,17722,61.6860399503442,FALSE,5.81230322253626
3129,18322,82.3927518829822,FALSE,4.13253311314383
886,15188,94.0413484329734,FALSE,2.41527489219052
3940,17076,75.2342468962286,FALSE,4.80346950427704
4019,19649,77.8665580945595,FALSE,4.52260623125746
1577,12530,86.8475658419792,FALSE,3.54764627523292
2431,18109,85.885471312607,FALSE,3.66391377873894
2685,17704,83.8172164482603,FALSE,3.8943631271737
808,12375,91.3616161616162,FALSE,2.55524811501602
859,11776,92.3233695652174,FALSE,2.70083270170677
1139,15748,92.3101346202692,FALSE,2.68936134896911
4040,18535,76.3474507688157,FALSE,4.66868300756088
1983,17208,87.7615062761506,FALSE,3.39465902593633
4151,19375,76.7535483870968,FALSE,4.62866245572436
2682,15267,80.60522696011,FALSE,4.19133654386918
5086,18403,70.3580937890561,FALSE,5.25707127097355
3162,20917,84.2042357890711,FALSE,3.88804456860785
3250,17410,79.7128087306146,FALSE,4.32058242717943
2798,14602,79.0782084645939,FALSE,4.37741460946948
1982,16817,86.9596241898079,FALSE,3.43302971858688
2552,16194,83.3827343460541,FALSE,3.96975100704348
3245,15873,74.5731745731746,FALSE,4.5214511435512
2252,16776,85.4136862184072,FALSE,3.66386939729293
2034,13133,84.0858905048351,FALSE,3.93544187272178
2079,18248,88.1521262604121,FALSE,3.37535618462437
2764,14201,79.6070699246532,FALSE,4.41173640068738
2813,16003,80.5536461913391,FALSE,4.19260708075536
4468,19367,75.2207363040223,FALSE,4.80314177484682
1046,14173,92.4574895928879,FALSE,2.71665787592345
2617,16832,84.101711026616,FALSE,3.94306557892407
2058,18085,87.9292231130771,FALSE,3.37336573033028
2485,21348,87.3430766348136,FALSE,3.41180812783236
4907,17390,69.2179413456009,FALSE,5.31200209925341
1708,13988,87.217615098656,FALSE,3.49434773796367
2708,14920,81.3739946380697,FALSE,4.2602974131224
2427,11952,75.7864792503347,FALSE,4.50624288067104
4210,18371,76.35947961461,FALSE,4.78712369417121
5113,19541,70.9943196356379,FALSE,5.11522220273048
2460,14783,82.4595819522424,FALSE,4.07930582091097
1559,12813,87.2551315070631,FALSE,3.48817001526767
1526,22071,91.0017670246024,FALSE,2.62945814018885
2479,16648,84.6227775108121,FALSE,3.85884407029695
5238,22142,74.5054647276669,FALSE,4.86378449384481
4165,17622,74.9858131880604,FALSE,4.86160762417212
1447,15343,89.7933911229877,FALSE,3.07099509677929
169,7873,61.4124222024641,FALSE,1.46512010034031
6078,16870,62.0272673384707,FALSE,6.00237060459665
6095,21721,69.1082362690484,FALSE,5.29720703537074
4355,15571,69.8670605612999,FALSE,5.28854041186047
5032,18270,70.4214559386973,FALSE,5.24808720073868
1468,14569,89.2374219232617,FALSE,3.17430136703859
5123,19306,72.381643012535,FALSE,5.15129032202295
6179,16199,57.3986048521514,FALSE,6.17610960855677
3293,17528,80.3286170698311,FALSE,4.33440694022899
1718,16960,89.439858490566,FALSE,3.18272163110946
3751,20871,81.2179579320588,FALSE,4.23937566990993
1920,17943,88.5749317282506,FALSE,3.27116978269234
2842,16160,81.2933168316832,FALSE,4.19364205236526
4877,21479,75.4271614134736,FALSE,4.7650707009298
2425,16029,84.3533595358413,FALSE,3.88957953993001
2219,16859,85.5151551100302,FALSE,3.62796213584836
5184,18382,68.8010009792188,FALSE,5.31050858852786
3030,17103,81.3658422498977,FALSE,4.20906048211241
2529,18256,85.0734005258545,FALSE,3.72195914032431
6496,14544,46.5896589658966,FALSE,6.68314794439302
3055,15901,78.6554304760707,FALSE,4.38322120552855
346,6211,91.2574464659475,FALSE,2.36024607871404
5562,16996,66.0684867027536,FALSE,5.72060723529449
3799,19078,78.7346682042143,FALSE,4.46239720138081
3651,16499,76.4955451845566,FALSE,4.70410606336477
3023,15337,79.6113972745648,FALSE,4.43965133877771
1197,15097,91.7135854805591,FALSE,2.81579963096937
2926,16095,80.8822615719167,FALSE,4.26374939099545
1618,16549,89.61266541785,FALSE,3.12682359626559
5234,17071,66.5338878800305,FALSE,5.53716388936359
1233,12355,89.364629704573,FALSE,3.15907664946827
3292,18601,81.5063706252352,FALSE,4.20689591352649
4178,16379,70.810183771903,FALSE,5.05057153085931
4951,18207,70.7365299060801,FALSE,5.2146752458309
763,9978,91.8721186610543,FALSE,2.76528895608097
3971,17259,74.5292311257894,FALSE,4.79669527197487
1384,14330,90.0279134682484,FALSE,3.10774194777442
1956,15301,86.8243905627083,FALSE,3.57539902724702
4955,21782,75.9618033238454,FALSE,4.7695010920017
1503,13468,88.2610632610633,FALSE,3.34062661184787
2441,17568,85.4565118397086,FALSE,3.72754356868787
2531,15019,81.4235301950862,FALSE,4.10511723127637
4248,17794,72.2603124648758,FALSE,4.88602248159812
2975,15952,80.1466900702106,FALSE,4.31852973791913
3191,20608,83.7684394409938,FALSE,3.93500672811503
677,10813,93.0454083048183,FALSE,2.50219546620851
6106,16481,61.16740489048,FALSE,6.08676619985329
579,11334,93.9827068995941,FALSE,2.26020420052197
4839,16803,67.0118431232518,FALSE,5.36641676093003
2681,17723,83.6991479997743,FALSE,3.88937473063399
4570,17343,72.4153837283054,FALSE,5.13329222222983
3765,20250,80.4493827160494,FALSE,4.31191286931828
1167,12488,89.2696989109545,FALSE,3.05695455843319
5233,17608,67.7248977737392,FALSE,5.45155443029757
2159,17726,85.1235473316033,FALSE,3.48996401265946
2713,18168,83.70761778952,FALSE,3.86430446072945
2675,15459,80.9366711947733,FALSE,4.15978796973673
2614,13575,80.3020257826888,FALSE,4.38816422516694
1738,21659,81.2826076919525,FALSE,2.832733283735
1620,15272,88.9732844421163,FALSE,3.25693843712731
2417,18299,85.5183343352096,FALSE,3.63433240667225
1896,11547,81.9866632025634,FALSE,4.05214132422716
3307,17327,79.9965371962833,FALSE,4.36873206076774
6333,21680,68.0442804428044,FALSE,5.40474371386342
3817,20225,64.5735475896168,FALSE,4.34427005650623
5554,15210,49.112426035503,FALSE,6.04280153253474
2586,16590,83.9602169981917,FALSE,3.94812657292097
2485,15506,83.387075970592,FALSE,4.0032554790499
1524,16294,90.3215907696084,FALSE,3.05828973835484
3723,18233,78.6376350573137,FALSE,4.51874102570754
2069,16354,86.2052097346215,FALSE,3.55687209805573
4270,19831,75.3063385608391,FALSE,4.6402526800486
4590,19085,74.3620644485198,FALSE,4.90411065166057
4098,16559,69.7687058397246,FALSE,4.97472323333306
7344,20866,60.2846736317454,FALSE,5.93262274648923
2871,17819,82.8104831920983,FALSE,4.01397748680846
2463,15479,83.0673816137993,FALSE,3.98896986858044
1862,14314,86.4608076009501,FALSE,3.60669428667284
3027,16427,80.4407378097035,FALSE,4.29266583511893
1120,16253,92.5244570233188,FALSE,2.6250781895285
2255,15380,85.0975292587776,FALSE,3.8290858660483
2351,17695,85.7756428369596,FALSE,3.64502936210111
2799,17981,83.5715477448418,FALSE,3.94543169158562
3937,15403,73.6090372005453,FALSE,5.05568549780897
2817,16600,82,FALSE,4.11945136129464
3099,17057,81.26868734244,FALSE,4.26245162711356
4107,20161,77.4415951589703,FALSE,4.51342589864862
4026,16180,74.221260815822,FALSE,4.98824328550661
2802,17551,83.6020739559,FALSE,3.9956103769975
3329,19885,82.7759617802364,FALSE,4.09160876159774
1350,12158,88.2217469978615,FALSE,3.33223648126898
1416,16389,91.1403990481421,FALSE,2.93937772736441
2046,16627,86.9429241594996,FALSE,3.50788919181683
2075,16685,86.8684447108181,FALSE,3.52651670178198
4009,15912,73.9944695827049,FALSE,5.01944434358535
3402,18279,80.2232069588052,FALSE,4.31410725620269
2504,14294,81.9434727857842,FALSE,4.1854318359043
2239,17768,86.7233228275552,FALSE,3.54983178730274
2700,15819,81.762437575068,FALSE,4.1313536141776
3268,16392,78.8311371400683,FALSE,4.46503688862574
4494,20160,74.469246031746,FALSE,4.72140515807177
2318,15941,84.0976099366414,FALSE,3.81328210094748
2067,13988,84.4795539033457,FALSE,3.84408008148405
2769,15333,80.9821952651145,FALSE,4.24959859763822
3192,17201,79.2512063252137,FALSE,4.30779069083092
825,21063,52.1340739685705,FALSE,1.97909599708412
4254,20732,78.2654833108239,FALSE,4.52979077194349
4288,16514,70.7036453917888,FALSE,5.09566945160157
3508,21204,82.9843425768723,FALSE,4.06743755855882
1192,15969,92.3288872189868,FALSE,2.73211683423166
3183,15446,77.787129353878,FALSE,4.53952386984693
2309,17143,84.6759610336581,FALSE,3.67002103870624
955,12200,91.5409836065574,FALSE,2.79783288501279
1268,15003,90.9351463040725,FALSE,2.90717096241903
2089,17827,87.3843047063443,FALSE,3.42318277167999
3187,17746,80.0800180322326,FALSE,4.23780328363635
2623,15640,82.7749360613811,FALSE,4.0952533186905
2921,17590,82.3763501989767,FALSE,4.07504922071161
2636,16706,83.1976535376511,FALSE,3.97224900042703
891,12627,92.6744278134157,FALSE,2.65637119236336
2674,20690,85.5244079265346,FALSE,3.59501292506269
7565,22784,63.7069873595506,FALSE,5.76221528580805
2579,15829,82.7973971823868,FALSE,4.03644399895186
2211,15612,85.2421214450423,FALSE,3.76326758764281
1594,17152,89.9078824626866,FALSE,3.04850403733891
1720,19155,90.3576089793788,FALSE,2.99656115443753
2277,15746,85.2470468690461,FALSE,3.80273788804756
5521,21454,72.2475995152419,FALSE,5.07288170902732
2718,22172,67.6979974742919,FALSE,3.50124330382223
1943,17735,88.3901888920214,FALSE,3.30994520237728
2987,13950,75.1039426523297,FALSE,4.62733037289627
3793,17467,77.5176046258659,FALSE,4.6599607768833
1792,13075,85.6749521988528,FALSE,3.70210007064617
3155,21215,84.1244402545369,FALSE,3.8563652765731
5346,19383,70.2110096476294,FALSE,5.25174921663163
1953,17323,88.3045661836864,FALSE,3.35768204985335
2432,15383,83.5597737762465,FALSE,3.9761363173691
5037,19099,70.2706948007749,FALSE,5.13547549304971
2162,16835,86.2370062370062,FALSE,3.58361449409571
2455,17637,85.3659919487441,FALSE,3.73089812768253
1439,15940,90.5207026348808,FALSE,3.00459706336381
2183,20462,88.1243280226762,FALSE,3.26627560814348
1744,17250,88.736231884058,FALSE,3.17964540908829
2835,15454,80.4581338164876,FALSE,4.28307892868632
3661,21446,80.663060710622,FALSE,4.13168033980002
2168,16466,86.1289930766428,FALSE,3.628570649791
2682,15658,81.9261719248946,FALSE,4.1386742255682
5891,21423,66.1578677122719,FALSE,5.24389959275513
5275,19339,68.2765396349346,FALSE,5.22268972139383
4390,18482,75.3219348555351,FALSE,4.87368860327232
1666,16349,89.3020979876445,FALSE,3.19221329204015
3907,17063,76.0475883490594,FALSE,4.78513296672417
495,16965,49.8496905393457,FALSE,1.70814867130737
2217,17982,87.0259148036926,FALSE,3.51126695970685
769,14840,94.4743935309973,FALSE,2.27638764291336
3858,20346,80.1680920082571,FALSE,4.3545330546968
3695,18455,76.5104307775671,FALSE,4.47455856403696
3307,18001,80.4733070384979,FALSE,4.28616397258797
4400,18169,74.175793934724,FALSE,4.92108453864499
2530,17475,84.7496423462089,FALSE,3.80497377979795
192,5299,95.6973013776184,FALSE,1.90350338998641
3525,18615,79.9838839645447,FALSE,4.35159070455295
4357,19854,74.9874080789765,FALSE,4.68457041357112
1452,21442,87.6690607219476,FALSE,2.60225985751051
2686,16354,83.1111654641066,FALSE,4.05266781566371
3404,20375,63.0184049079755,FALSE,4.08738895460876
2334,16100,85.304347826087,FALSE,3.80747874714198
1987,13637,84.2560680501577,FALSE,3.81715252112218
3338,18266,73.9735026825797,FALSE,4.27485550355353
3379,16768,77.4809160305344,FALSE,4.48903987592376
3560,21736,82.9223408170777,FALSE,4.0470184684063
3954,20348,79.3149203852958,FALSE,4.40816120367239
2109,17399,86.9302833496178,FALSE,3.48157813161908
5409,20452,70.4429884607862,FALSE,5.14269299282611
3775,21733,80.4536879399991,FALSE,4.16772099729862
2647,13056,78.3164828431373,FALSE,4.50268846705749
1317,15439,91.1198911846622,FALSE,2.92067547488818
4211,19123,75.9504261883596,FALSE,4.69261158224287
2280,20210,88.2929242949035,FALSE,3.35880094530814
862,10968,91.7122538293217,FALSE,2.80343126217166
3269,16944,79.8925873465534,FALSE,4.39237578781446
2108,17032,86.6251761390324,FALSE,3.51805381955895
3158,19727,82.7546002940133,FALSE,4.00106438923049
4779,21931,76.4853403857553,FALSE,4.66809083015111
2559,16378,83.2336060569056,FALSE,3.95279880471089
2776,19951,84.4519071725728,FALSE,3.7301594495842
4344,16020,72.247191011236,FALSE,5.20731263406701
2958,15968,56.1998997995992,FALSE,4.30401546212329
5258,17278,67.8608635258711,FALSE,5.51649915576219
1250,11111,87.8138781387814,FALSE,3.3541187368853
1271,15117,91.2747238208639,FALSE,2.89961253636023
7025,20410,55.5854973052425,FALSE,5.86680511469379
3270,16564,79.1535860903164,FALSE,4.44315296913939
4839,18174,67.8001540662485,FALSE,5.16003383304199
3358,16886,77.4428520668009,FALSE,4.45940537966257
1600,12775,85.6673189823875,FALSE,3.53899164163047
2338,17874,86.1474767819179,FALSE,3.61669075997129
3732,17425,77.8536585365854,FALSE,4.6279048809154
2856,14157,79.1834428198065,FALSE,4.4915215270898
4851,18274,72.4581372441721,FALSE,5.15227253015785
3633,20818,81.7273513305793,FALSE,4.1774686253363
3510,16095,77.4588381484933,FALSE,4.66990523581188
3155,17775,80.8888888888889,FALSE,4.21303315706864
2020,16383,87.0536531770738,FALSE,3.51138920045508
3635,19978,79.5975573130443,FALSE,4.26556145377928
5203,20384,73.4252354788069,FALSE,5.05221946346993
3332,15340,76.1082138200782,FALSE,4.66057838401343
3407,17081,79.0059130027516,FALSE,4.46611005068583
3459,16704,77.6939655172414,FALSE,4.55056204688264
5516,17061,65.2540882714964,FALSE,5.68603969543724
4693,20416,74.9412225705329,FALSE,4.79446274787409
4975,17416,69.1949931097841,FALSE,5.34468771069468
3904,16485,75.4382772217167,FALSE,4.86642941739546
2069,15436,85.6828193832599,FALSE,3.6611106971338
1729,14916,87.8653794582998,FALSE,3.40464087855584
7083,21955,61.8993395581872,FALSE,5.67991583233818
3136,16550,80.1268882175227,FALSE,4.35300361628424
5055,21045,74.4214777856973,FALSE,4.90101593901688
4645,14122,62.1937402634188,FALSE,5.73514966250439
2600,16310,83.5315757204169,FALSE,3.99263577159997
3266,16181,79.1051232927508,FALSE,4.4926792246015
3944,18046,76.5100299235287,FALSE,4.67496083225409
2135,18448,87.7493495229835,FALSE,3.40192155281655
3290,16464,78.4317298347911,FALSE,4.47023413226633
1903,15059,87.0044491666113,FALSE,3.55485038863943
4802,16319,68.4539493841534,FALSE,5.42455737002589
2602,16505,83.8533777643138,FALSE,3.97050622985238
2438,20755,87.906528547338,FALSE,3.42732652256346
1407,16478,66.154873164219,FALSE,2.92209815100009
5939,21958,70.9718553602332,FALSE,5.20068167636685
2146,18305,87.3641081671674,FALSE,3.42397032614456
1895,16916,87.6330101678884,FALSE,3.34700043586956
3169,17469,81.1322914877783,FALSE,4.25919081448389
5744,19199,67.8785353403823,FALSE,5.46975547054411
4110,17621,74.842517450769,FALSE,4.82953853143859
4174,16668,73.3081353491721,FALSE,5.00419790178893
3203,17043,80.8543096872616,FALSE,4.33516315926382
5236,16879,66.7989809822857,FALSE,5.56963150224483
1830,11708,82.379569525111,FALSE,3.95352225620015
3418,13338,71.1126105862948,FALSE,5.06221600578134
3544,18684,80.6733033611646,FALSE,4.35523834583435
3049,21698,85.6023596644852,FALSE,3.74859791898113
1343,15441,91.0627550029143,FALSE,2.94917330974833
1492,13494,87.7945753668297,FALSE,3.32517157001872
2713,16574,82.4182454446724,FALSE,4.04586353020962
2661,16540,82.8899637243047,FALSE,4.0110186808995
3027,17419,81.9392617257018,FALSE,4.16864201028174
2918,17083,82.3742902300533,FALSE,4.13295401663125
1371,19675,92.7217280813215,FALSE,2.63974123717413
3692,18333,79.0541646211749,FALSE,4.48759935529003
3493,15812,76.6506450796863,FALSE,4.70008692482767
575,11048,93.6368573497466,FALSE,2.28135089621439
6471,16477,57.9595800206348,FALSE,6.26681146171676
2359,20266,87.9749333859667,FALSE,3.41177161199557
2864,17657,82.8566574163222,FALSE,4.02743044089876
4124,21507,80.0018598595806,FALSE,4.37894419649339
5167,19075,71.0091743119266,FALSE,5.20459520724691
993,13005,92.0030757401,FALSE,2.76324533803181
2633,16524,83.0307431614621,FALSE,3.99179138366953
2253,20447,88.6095759769159,FALSE,3.31944744712624
1414,13323,88.4560534414171,FALSE,3.25779453765403
1343,14758,90.2087003659032,FALSE,3.01664533409049
3110,16764,80.0405631114293,FALSE,4.30716360444293
1880,16429,88.1368312130988,FALSE,3.38277692778243
2374,16518,84.6470517011745,FALSE,3.79106845417173
2082,13802,84.1906970004347,FALSE,3.88391172957646
1490,14763,89.3991736096999,FALSE,3.17691667603728
4350,19999,75.768788439422,FALSE,4.66380612315496
4069,20341,79.2389754682661,FALSE,4.47257564981482
2892,15490,78.8702388637831,FALSE,4.32089223983018
4278,20009,76.2456894397521,FALSE,4.62389217321584
4207,18361,76.166875442514,FALSE,4.78672073417298
3218,16107,79.0215434283231,FALSE,4.46977529248751
5499,20903,72.6976988948955,FALSE,5.12905728447926
3827,17522,76.8177148727314,FALSE,4.67344776670062
1210,14486,76.3150628192738,FALSE,2.89013709845756
2402,18002,85.7404732807466,FALSE,3.65280192360919
3033,20809,84.8623191888125,FALSE,3.81777737634653
5100,16992,65.6544256120527,FALSE,5.47851478904505
747,9328,91.7024013722127,FALSE,2.82986704861986
1968,20014,89.8421105226342,FALSE,3.13578009723693
1812,18112,89.2778268551237,FALSE,3.16297596594263
1808,13378,85.8573777844222,FALSE,3.67623797774421
2781,16219,82.0950736790184,FALSE,4.14084007271465
3351,15827,78.1954887218045,FALSE,4.6013780107871
985,12634,91.7286686718379,FALSE,2.79220743362352
1983,17164,87.7825681659287,FALSE,3.39900735369094
155,8094,68.346923647146,FALSE,1.38383480391155
3213,16238,64.5953935213696,FALSE,4.44824904556566
4373,19313,76.3268264899291,FALSE,4.75844296750156
3542,17554,78.8139455394782,FALSE,4.49196363162695
5982,21817,70.9309254251272,FALSE,5.23631408483404
1751,17396,89.3366291101403,FALSE,3.17262230753635
1247,14704,91.0092491838955,FALSE,2.91216165893097
1263,16095,91.9478098788444,FALSE,2.80127783383404
2577,18727,85.6784322101778,FALSE,3.70956601407978
4014,16881,75.3509863159765,FALSE,4.87629082307658
4828,17211,70.6466794491895,FALSE,5.29639757946261
5149,16709,64.6896881919923,FALSE,5.55119158836651
3262,17046,79.4497242754899,FALSE,4.37452332261803
1987,17608,87.9316219900045,FALSE,3.35926232139358
996,13633,92.4374679087508,FALSE,2.70292473033394
3750,21008,81.0643564356436,FALSE,4.22496659472952
2182,20793,89.1069109796566,FALSE,3.23943146582937
3228,15727,78.0441279328543,FALSE,4.53047584916322
1208,13377,90.6481273828213,FALSE,3.00506661439576
3175,18877,82.4813264819622,FALSE,4.1011473838251
2210,18250,87.2712328767123,FALSE,3.4798834809654
4677,20450,76.039119804401,FALSE,4.7823023375694
3179,19604,82.6770046929198,FALSE,4.02691921341326
4144,19879,78.4244680315911,FALSE,4.56575503285836
7305,20931,64.4546366633223,FALSE,5.90765494810001
3549,16795,75.7308722834177,FALSE,4.59687818787155
2228,16598,85.7633449813231,FALSE,3.66378274636087
3042,14739,78.3567406201235,FALSE,4.54302990306945
1176,14290,91.3505948215535,FALSE,2.868715939346
4965,21193,67.9328080026424,FALSE,4.84020111477829
208,5935,90.480202190396,FALSE,1.87206664675896
209,10470,56.6953199617956,FALSE,1.41286218742292
2180,18186,87.4848784779501,FALSE,3.46225980165053
4013,16982,75.7566835472854,FALSE,4.86116275281814
2980,21344,84.9653298350825,FALSE,3.73654507740001
2413,17231,85.2533225001451,FALSE,3.74216919791772
2067,19534,88.804136377598,FALSE,3.25292946707171
3558,15977,76.1219252675721,FALSE,4.71905842558764
287,8073,59.692803171064,FALSE,1.88548669494091
1613,18074,90.6495518424256,FALSE,2.98737708055091
1417,15955,90.842995926042,FALSE,2.98013899928003
918,12671,91.2398390024465,FALSE,2.69163331568116
2959,17371,81.6245466582235,FALSE,4.12724331186839
3761,19980,80.8608608608609,FALSE,4.3386430855538
1359,13419,89.0230270511961,FALSE,3.18236252714737
3233,15471,77.4545924633185,FALSE,4.57134142598636
1302,15197,91.1956307165888,FALSE,2.92702586660382
4568,16741,71.0112896481692,FALSE,5.22362930233631
5456,17220,66.4459930313589,FALSE,5.62886207589546
2869,15673,79.6465258725196,FALSE,4.27847705567137
477,9645,94.7019180922758,FALSE,2.2238632268269
5582,15171,52.2773713005075,FALSE,6.06579616096491
4635,21725,77.8780207134637,FALSE,4.61896824669553
5925,19352,66.2567176519223,FALSE,5.53326219258936
5791,19367,64.1142149016368,FALSE,5.46821530609014
3302,17416,78.9790996784566,FALSE,4.35425968450343
5700,18933,67.3216077747848,FALSE,5.48690840464033
2022,16938,86.663124335813,FALSE,3.4550911676792
6178,20161,67.0353653092605,FALSE,5.53564099845955
1264,16616,92.1521425132402,FALSE,2.75810182227062
4759,18610,71.794734013971,FALSE,5.05690349636224
978,10737,89.2986867840179,FALSE,3.01806056567698
3125,16432,80.1728334956183,FALSE,4.36093684940278
1535,14540,88.9683631361761,FALSE,3.24916664799836
5315,18662,69.6066873861323,FALSE,5.33669695310748
2611,19989,86.5826204412427,FALSE,3.61416438493197
840,13345,93.3533158486324,FALSE,2.50888268343115
958,12691,92.0494838862186,FALSE,2.74748185221456
3185,17384,80.9710078232858,FALSE,4.28035571032396
1296,14181,90.4520132571751,FALSE,3.02307604730921
2478,15387,82.9986352115422,FALSE,4.01304171444937
265,5923,91.203781867297,FALSE,2.11520308221551
1869,15740,87.712833545108,FALSE,3.44589695797494
2620,16277,83.4981876267125,FALSE,4.01202346054422
3451,19102,70.4795309391687,FALSE,4.25043187000593
4638,19511,74.7219517195428,FALSE,4.87557237525674
2783,16503,82.6031630612616,FALSE,4.10653145092965
3645,16423,77.0565670096815,FALSE,4.71110213713588
2215,14965,82.3053792181757,FALSE,3.84723313649545
2795,18530,84.0259039395575,FALSE,3.88376726106938
469,12333,95.9052947376956,FALSE,1.95007832694721
1688,16223,88.7998520618874,FALSE,3.22567521352084
3741,18451,77.6868462413961,FALSE,4.50281287982153
5104,19417,70.9223875984962,FALSE,5.12701121638897
3687,16391,74.955768409493,FALSE,4.74278943383432
1102,15575,92.3723916532905,FALSE,2.65997019015629
4052,15392,70.2572765072765,FALSE,5.1308248679295
4483,21229,77.7003156060106,FALSE,4.59536064835347
2591,14831,81.0531993796777,FALSE,4.17973250890511
4623,18982,70.2613001791171,FALSE,4.93504323946266
5277,14241,58.3456217962222,FALSE,6.08728035283032
3758,16506,76.7175572519084,FALSE,4.7715278991817
4599,21982,77.9728869074698,FALSE,4.57402046114407
2985,14998,77.6170156020803,FALSE,4.46123903048898
634,12696,94.7700063011972,FALSE,2.23465854276946
1434,11873,87.3747157415986,FALSE,3.47531633573896
2209,16871,85.3832019441645,FALSE,3.61849057048017
2124,16434,86.5096750638919,FALSE,3.59505562858459
3515,19966,81.7038966242612,FALSE,4.19582272960179
4716,18476,72.2126001298982,FALSE,5.05222776727524
2641,19937,86.2717560314992,FALSE,3.63960536193837
1183,9911,86.5200282514378,FALSE,3.45488530474947
3667,19176,79.8393825615353,FALSE,4.37296946144399
3382,15504,77.0575335397317,FALSE,4.67051661919708
1336,15561,90.7396696870381,FALSE,2.93011373163284
5667,19360,68.2076446280992,FALSE,5.41033217232325
943,12409,92.0219195745024,FALSE,2.75668697388077
2598,15566,81.8771681870744,FALSE,4.08536684758257
2387,15823,83.6061429564558,FALSE,3.8840230219923
3458,17237,79.4163717584266,FALSE,4.47900609732644
2243,13388,81.3489692261727,FALSE,4.09314174950437
5143,16675,68.0299850074963,FALSE,5.55360952090122
2655,17297,82.0662542637452,FALSE,3.91784157020567
984,11699,91.118899051201,FALSE,2.90016814978613
3574,17229,77.9847930814325,FALSE,4.55456850422501
3739,18675,78.3668005354752,FALSE,4.47453003223476
3925,16009,74.4643637953651,FALSE,4.95151077241606
4083,19033,76.9978458466873,FALSE,4.63165354648705
1337,13358,89.5119029794879,FALSE,3.16369773852459
2930,17550,82.3475783475783,FALSE,4.08597071638512
1571,17240,90.469837587007,FALSE,3.01869657341048
3072,16836,80.3100498930862,FALSE,4.27160559950461
2613,17172,84.5679012345679,FALSE,3.90085012863423
3927,18097,77.3498369895563,FALSE,4.65829681717364
4018,19414,77.8304316472649,FALSE,4.54933013271553
6667,18694,61.3993794800471,FALSE,5.97192174793275
3046,21136,85.3141559424678,FALSE,3.79623902491561
2055,16840,86.9002375296912,FALSE,3.49329184094111
2321,19156,86.5994988515348,FALSE,3.4808487767075
2368,14815,79.6220047249409,FALSE,3.99797451248723
3338,18313,80.4674275105117,FALSE,4.2693663076915
2436,15116,82.7798359354327,FALSE,4.01439589947005
2260,16758,85.5113975414727,FALSE,3.6723420582597
4909,16261,68.6612139474817,FALSE,5.49443311698698
1804,19169,89.8951431999583,FALSE,3.06773992095992
2021,16952,87.3761208117036,FALSE,3.45281003260875
2005,15502,85.7244226551413,FALSE,3.59636135442672
3972,16446,74.7476590052292,FALSE,4.91444497651732
2114,16026,86.1038312741795,FALSE,3.63195051179869
2290,20793,86.6253065935651,FALSE,3.31863251822002
321,8643,62.5245863704732,FALSE,1.92717103510357
2610,13134,78.2625247449368,FALSE,4.45781198698237
3948,16417,72.7843089480417,FALSE,4.90390076115694
2343,16160,84.7153465346535,FALSE,3.8077240415027
2273,16964,86.2945060127328,FALSE,3.66045933030846
2670,17320,81.9168591224019,FALSE,3.92628378851946
4746,16031,68.6731956833635,FALSE,5.44106056216711
3214,19072,82.4454697986577,FALSE,4.10511017272391
2638,17523,82.5657707013639,FALSE,3.88001286083726
6199,19338,63.6363636363636,FALSE,5.66180672885388
4058,16037,73.6733803080377,FALSE,5.03030660454818
2825,16489,81.2481047971375,FALSE,4.13915859531019
2062,17479,87.8368327707535,FALSE,3.43467808668121
4826,21370,74.2910622367805,FALSE,4.7521637561218
3378,16509,77.8969047186383,FALSE,4.52344629882099
3555,20817,82.1107748474804,FALSE,4.13247972441722
2716,20294,86.0648467527348,FALSE,3.65831463791016
4775,15633,59.0097869890616,FALSE,5.52669533148165
2581,16100,83.4099378881988,FALSE,4.00388010567513
2746,16034,82.050642384932,FALSE,4.13837009250949
2420,16948,84.1338210998348,FALSE,3.77875256798139
1412,15911,90.7673936270505,FALSE,2.97898701705644
6456,16165,57.9771110423755,FALSE,6.31966280369184
3424,17869,74.0332419273602,FALSE,4.37740524131666
4258,15866,70.994579604185,FALSE,5.18046929050205
3427,17652,78.3877181055971,FALSE,4.40615826793315
553,10057,94.1036094262703,FALSE,2.34492167276161
1262,13561,90.2883268195561,FALSE,3.05058983974029
4057,18426,75.5508520568762,FALSE,4.69231296201176
1634,16024,88.5671492760859,FALSE,3.19330615408379
1404,15607,90.561927340296,FALSE,2.99932714950853
4899,18362,71.4954797952293,FALSE,5.16527832812029
5365,17954,64.2809401804612,FALSE,5.46643580986793
2920,14408,70.0305385896724,FALSE,4.50183502593968
3741,21222,81.5333144849684,FALSE,4.19856323958426
1401,12326,87.3925036508194,FALSE,3.37138217220997
2529,17706,85.1067434767875,FALSE,3.77932451619496
2164,19924,76.0540052198354,FALSE,3.29564452524537
942,15335,93.3746331920443,FALSE,2.47846939946192
3526,20411,82.0292979275881,FALSE,4.15632034077864
2017,12126,81.5767771730167,FALSE,4.07844084136571
2206,15749,85.2689059622833,FALSE,3.74262455435071
1493,13693,87.9573504710436,FALSE,3.30202684569797
1472,13617,88.7420136593963,FALSE,3.28785901319558
1421,15478,89.972864711203,FALSE,3.02997899491934
2454,17141,84.9600373373782,FALSE,3.78372183962924
5385,21117,73.2632476204006,FALSE,5.04982983485471
3745,16632,76.2866762866763,FALSE,4.74519072502202
3153,16029,78.4203630918959,FALSE,4.43515468082679
3214,15557,77.5278009899081,FALSE,4.54527338983473
3231,14689,76.1794540132072,FALSE,4.68999482591231
860,12581,92.4648279151101,FALSE,2.61451805003749
2973,12762,76.2106252938411,FALSE,4.82656416861092
1484,15827,90.4656599481898,FALSE,3.06208787133878
3042,16228,80.0653192013803,FALSE,4.32959332482774
1317,15795,90.6679328901551,FALSE,2.88757366510623
1694,16414,88.7535031071037,FALSE,3.21254698728058
2657,15778,81.5629357332995,FALSE,4.10364516781467
1773,13732,73.5799592193417,FALSE,3.59325029929314
4365,16701,64.157834860188,FALSE,5.11235361760183
4588,18665,74.4012858290919,FALSE,4.95789936765904
4335,16976,69.6041470311027,FALSE,5.05332077899095
2601,16332,83.4496693607641,FALSE,3.99071295139061
5303,19113,69.5024328990739,FALSE,5.26740102183477
5458,19983,71.1554821598359,FALSE,5.22620476386055
2490,17595,85.0866723500995,FALSE,3.76188086674525
4760,20586,75.546487904401,FALSE,4.80858715674272
2308,15939,85.1433590564025,FALSE,3.80528655748205
452,10381,95.4146999325691,FALSE,2.08665005868074
1566,15984,89.7522522522522,FALSE,3.13006346537851
1796,17369,88.8018884219011,FALSE,3.21562768137522
3470,16466,78.0335236244382,FALSE,4.59061299624382
5388,21049,73.4049123473799,FALSE,5.05938885184595
1795,16110,88.3426443202979,FALSE,3.33798558030536
2213,15327,85.3526456579892,FALSE,3.7998121603363
5377,21481,73.0878450723896,FALSE,5.00314132501815
1614,16894,89.9846099206819,FALSE,3.09090402629636
975,14775,93.0423011844332,FALSE,2.56884891956954
6218,21701,69.858531864891,FALSE,5.3528550758254
2456,14279,80.9510469920863,FALSE,4.14729840251441
4137,15767,71.7701528508911,FALSE,5.12233793421994
6117,20246,67.6627481971747,FALSE,5.49666948993448
2470,16999,84.7226307429849,FALSE,3.81185866556774
4826,17265,71.0396756443672,FALSE,5.28701286815691
6878,21901,65.5358202821789,FALSE,5.6040127299718
831,11901,91.8158137971599,FALSE,2.64246220477326
2236,14874,84.3821433373672,FALSE,3.87723398715532
702,12013,93.8733039207525,FALSE,2.41736827111537
1767,15113,87.6860980612717,FALSE,3.41934509267978
2064,14334,82.5449979070741,FALSE,3.79464494567129
2806,20612,85.8140888802639,FALSE,3.68963806767607
6394,20747,66.0673832361305,FALSE,5.55147850377417
2567,15370,82.8236824983735,FALSE,4.08673051448014
2356,16410,84.8750761730652,FALSE,3.789076316159
4231,19089,76.3738278589764,FALSE,4.70792920636262
3057,16035,79.8440910508263,FALSE,4.36629663501667
2237,16416,85.9100877192982,FALSE,3.69146980452757
4137,15363,71.3923061901972,FALSE,5.18925180634985
3710,17517,77.8443797453902,FALSE,4.60211100482679
1261,14566,90.6151311272827,FALSE,2.94230297219253
4737,16442,69.0183675951831,FALSE,5.36752864013901
4571,16864,69.9240986717268,FALSE,5.20625353794149
3017,16043,79.6920775416069,FALSE,4.33655504465254
2025,15267,86.1531407611187,FALSE,3.6419641040075
1601,18805,91.0874767349109,FALSE,2.91782336112229
5301,17395,64.2943374532912,FALSE,5.52035091427429
484,12123,95.916852264291,FALSE,1.99810187912426
4185,16641,73.2888648518719,FALSE,5.01485084949949
2025,13210,82.8690386071158,FALSE,3.91526448504925
2573,16339,82.6549972458535,FALSE,3.96832430280106
1403,15134,90.4585701070437,FALSE,3.04475232446339
3688,16739,76.2948802198459,FALSE,4.69386615415127
3322,18186,80.8369075112724,FALSE,4.27396755208947
2614,20972,87.0827770360481,FALSE,3.53047277735734
1633,16567,89.2436771895938,FALSE,3.13957712570962
1090,12952,90.6886967263743,FALSE,2.90098064397651
5257,21944,75.2278527160044,FALSE,4.8945310869071
2129,15660,85.7535121328225,FALSE,3.68715972952203
2113,12929,82.7442184236987,FALSE,4.04266059031236
5167,21011,73.8041978011518,FALSE,4.95902010921282
1352,15465,90.9408341416101,FALSE,2.9567416814523
5090,17873,62.8713702232418,FALSE,5.33654484706318
4353,16859,72.2818672519129,FALSE,5.08134202505691
3802,14854,67.7595260535883,FALSE,5.05922910247702
3359,16949,78.2642043778394,FALSE,4.45177249693931
4964,21736,75.0828119249172,FALSE,4.77887943216423
3251,17516,80.2295044530715,FALSE,4.30815198845239
1990,17268,87.7403289321288,FALSE,3.39473218751804
1132,14007,91.6041979010495,FALSE,2.84282842412091
1888,18815,88.7111347329259,FALSE,3.16773529576982
2210,17074,86.4472297059857,FALSE,3.59772942595371
3012,16097,79.9900602596757,FALSE,4.32568620688841
537,11194,94.7382526353404,FALSE,2.19025404749482
4544,16644,70.5539533765922,FALSE,5.22504828075006
6479,20947,67.9858690982002,FALSE,5.56151449699293
4565,17260,71.332560834299,FALSE,5.1428042631871
3229,19587,82.6007045489355,FALSE,4.06022462503223
2278,16996,85.9849376323841,FALSE,3.66103177850447
4924,17296,69.7560129509713,FALSE,5.33563587361087
5580,20480,68.9404296875,FALSE,5.21977909015315
3640,17694,78.0490561772352,FALSE,4.53563063886263
2605,19967,86.3274402764562,FALSE,3.61199761477899
1965,16263,87.5853163622948,FALSE,3.47600943310637
2952,19016,83.1457719814893,FALSE,3.9400215046747
2496,16401,84.0436558746418,FALSE,3.90110038741234
2576,16308,82.4135393671818,FALSE,3.97440918611935
2612,18124,84.6391525049658,FALSE,3.79629156127211
1691,14592,87.3492324561403,FALSE,3.40419471632671
3926,14617,69.0839433536293,FALSE,5.18258011242873
2350,19495,87.0377019748653,FALSE,3.47194079962956
532,10730,93.6253494874184,FALSE,2.22667049870106
4467,18226,74.2620432349391,FALSE,4.9506507923564
3666,19872,80.5555555555556,FALSE,4.29512137579955
1561,16574,90.2316881863159,FALSE,3.06893566495011
3819,21660,81.4358264081256,FALSE,4.19899737406067
3640,16466,77.0982630875744,FALSE,4.70171863727025
581,11381,94.6050434935419,FALSE,2.25942460831763
3301,16105,78.2055262340888,FALSE,4.52733256375239
2877,21479,85.9863122119279,FALSE,3.65984676286711
1929,16382,87.7548528873154,FALSE,3.43148933162921
4274,17440,73.0848623853211,FALSE,4.95044247860178
1578,16249,88.9839374730753,FALSE,3.11630660451516
4697,19353,73.4511445253966,FALSE,4.92647328182525
4744,18795,73.1577547220005,FALSE,5.02401786621874
2587,16526,84.0312235265642,FALSE,3.9565288801395
3096,17399,81.6138858555089,FALSE,4.2183084405009
244,5955,91.4861460957179,FALSE,2.02420284192471
925,12740,92.3704866562009,FALSE,2.69454941433829
967,12727,91.4198161389173,FALSE,2.75645060858534
2365,16515,85.4193157735392,FALSE,3.78421918832327
4310,16375,72.1343511450382,FALSE,5.13036165265402
3472,17238,76.3197586726998,FALSE,4.48793357162934
6945,16260,55.1353013530135,FALSE,6.53545538748228
1877,16159,87.734389504301,FALSE,3.40819861664605
5606,17244,65.3328694038506,FALSE,5.70174170771597
